SalePrice,MSSubClass,MSZoning,LotFrontage,LotArea,Street,Alley,LotShape,LandContour,Utilities,LotConfig,LandSlope,Neighborhood,Condition1,Condition2,BldgType,HouseStyle,OverallQual,OverallCond,YearBuilt,YearRemodAdd,RoofStyle,RoofMatl,Exterior1st,Exterior2nd,MasVnrType,MasVnrArea,ExterQual,ExterCond,Foundation,BsmtQual,BsmtCond,BsmtExposure,BsmtFinType1,BsmtFinSF1,BsmtFinType2,BsmtFinSF2,BsmtUnfSF,TotalBsmtSF,Heating,HeatingQC,CentralAir,Electrical,1stFlrSF,2ndFlrSF,LowQualFinSF,GrLivArea,BsmtFullBath,BsmtHalfBath,FullBath,HalfBath,BedroomAbvGr,KitchenAbvGr,KitchenQual,TotRmsAbvGrd,Functional,Fireplaces,FireplaceQu,GarageType,GarageYrBlt,GarageFinish,GarageCars,GarageArea,GarageQual,GarageCond,PavedDrive,WoodDeckSF,OpenPorchSF,EnclosedPorch,3SsnPorch,ScreenPorch,PoolArea,MiscVal,MoSold,YrSold,SaleType,SaleCondition,MasVnrType_NAN,BsmtQual_NAN,GarageType_NAN
222000,0.0,0.75,0.3844819395240602,0.9936524981351678,1.0,1.0,0.6666666666666666,0.3333333333333333,1.0,0.0,0.5,0.7368421052631579,0.6000000000000001,1.0,0.5,0.8333333333333333,0.5555555555555556,1.0,0.15555555555555556,0.03333333333333333,1.0,0.0,0.2,0.5,0.5,0.1625,0.6666666666666666,0.3333333333333333,0.5,0.75,0.75,0.25,1.0,0.3692870201096892,0.6666666666666666,0.0,0.030821917808219176,0.2844214608920491,1.0,1.0,1.0,1.0,0.7311527944744767,0.0,0.0,0.5825173836660924,0.5,0.0,0.6666666666666666,0.0,0.375,0.3333333333333333,0.6666666666666666,0.18181818181818188,1.0,0.3333333333333333,0.75,0.8,0.19626168224299065,1.0,0.5,0.43269230769230765,0.75,1.0,1.0,0.3967391304347826,0.08043875685557587,0.0,0.35826771653543305,0.0,0.0,0.0,0.9999999999999999,0.75,0.6666666666666666,0.75,0.0,0.0,0.0
162900,0.17647058823529413,0.25,0.30510511304065147,0.25949424579644287,1.0,1.0,0.0,0.3333333333333333,1.0,0.5,0.5,0.15789473684210525,0.6000000000000001,1.0,0.5,0.16666666666666666,0.4444444444444445,0.75,0.5777777777777778,0.26666666666666666,0.5,0.0,0.4,0.30000000000000004,0.25,0.0,0.3333333333333333,1.0,1.0,0.5,0.75,0.25,0.8333333333333333,0.0,0.6666666666666666,0.0,0.461472602739726,0.34841628959276016,1.0,0.5,1.0,1.0,0.4928098635028628,0.24477447744774475,0.0,0.5449826618506628,0.0,0.0,0.6666666666666666,0.0,0.375,0.3333333333333333,0.3333333333333333,0.4545454545454546,1.0,0.3333333333333333,0.75,0.4,0.7289719626168224,0.3333333333333333,0.5,0.28846153846153844,0.75,1.0,0.5,0.0,0.0,0.0,0.0,0.0,0.0,0.0,0.4545454545454545,0.5,0.6666666666666666,0.75,0.0,0.0,0.0
132500,0.3529411764705882,0.75,0.3362173701621243,0.5815975123620758,1.0,1.0,0.6666666666666666,0.3333333333333333,1.0,0.5,0.5,0.6842105263157894,0.6000000000000001,1.0,0.5,0.5,0.4444444444444445,0.5,0.22222222222222224,0.5,0.5,0.0,0.4,0.30000000000000004,0.25,0.0,0.3333333333333333,1.0,0.5,0.5,0.75,0.75,0.6666666666666666,0.22074954296160879,0.6666666666666666,0.0,0.18321917808219176,0.2944408532643827,1.0,0.75,1.0,1.0,0.39256716875982844,0.0,0.0,0.2597606718375176,0.0,0.0,0.3333333333333333,0.0,0.375,0.3333333333333333,0.3333333333333333,0.2727272727272727,1.0,0.0,0.5,0.4,0.2803738317757009,0.3333333333333333,0.5,0.4615384615384615,0.75,1.0,1.0,0.0,0.0,0.0,0.0,0.0,0.0,0.0,0.5454545454545454,0.0,0.6666666666666666,0.75,0.0,0.0,0.0
210000,0.0,0.75,0.4288805731761245,0.4381206815909122,1.0,1.0,0.0,0.3333333333333333,1.0,0.5,0.5,0.6842105263157894,0.6000000000000001,1.0,0.5,0.8333333333333333,0.6666666666666665,0.5,0.02962962962962963,0.06666666666666667,0.5,0.0,0.9,0.9,0.5,0.16625,0.6666666666666666,1.0,1.0,0.75,0.75,0.5,1.0,0.4323583180987203,0.6666666666666666,0.0,0.20976027397260272,0.4641241111829347,1.0,1.0,1.0,1.0,0.6372556403558112,0.0,0.0,0.4930099314538645,0.5,0.0,0.6666666666666666,0.0,0.375,0.3333333333333333,0.6666666666666666,0.4545454545454546,1.0,0.0,0.25,0.8,0.037383177570093455,0.3333333333333333,0.5,0.38782051282051283,0.75,1.0,1.0,0.18885869565217392,0.17915904936014626,0.0,0.0,0.0,0.0,0.0,0.2727272727272727,0.5,0.6666666666666666,0.75,0.0,0.0,0.0
206900,0.2352941176470588,0.75,0.5776838802086337,0.597503615605393,1.0,1.0,0.0,0.3333333333333333,1.0,0.5,0.5,0.2631578947368421,0.6000000000000001,1.0,0.5,1.0,0.5555555555555556,0.5,0.2888888888888889,0.65,0.5,0.0,0.5,0.6000000000000001,0.25,0.0,0.3333333333333333,1.0,0.5,0.25,0.75,0.5,0.6666666666666666,0.22851919561243145,0.5,0.18724559023066484,0.07534246575342465,0.3076923076923077,1.0,0.5,1.0,1.0,0.47340289856315776,0.5610561056105611,0.0,0.7130387813253152,0.0,0.0,0.6666666666666666,0.5,0.5,0.3333333333333333,0.3333333333333333,0.5454545454545455,1.0,0.6666666666666666,0.75,0.8,0.3644859813084112,0.3333333333333333,0.5,0.4615384615384615,0.75,1.0,1.0,0.3804347826086956,0.0,0.0,0.0,0.0,0.0,0.0,0.4545454545454545,0.5,0.6666666666666666,0.75,0.0,0.0,0.0
274900,0.0,0.75,0.5156041494973234,0.5127434409562008,1.0,1.0,0.0,0.3333333333333333,1.0,0.5,0.5,1.0,0.6000000000000001,1.0,0.5,0.8333333333333333,0.7777777777777777,0.5,0.037037037037037035,0.06666666666666667,1.0,0.0,0.9,0.9,0.5,0.16375,0.6666666666666666,1.0,1.0,1.0,0.75,0.75,1.0,0.49725776965265084,0.6666666666666666,0.0,0.2675513698630137,0.5536522301228184,1.0,1.0,1.0,1.0,0.7427917443273144,0.0,0.0,0.5936122113797926,0.5,0.0,0.6666666666666666,0.0,0.375,0.3333333333333333,1.0,0.36363636363636365,1.0,0.3333333333333333,0.75,0.8,0.04672897196261682,1.0,0.75,0.6858974358974359,0.75,1.0,1.0,0.0,0.04753199268738574,0.0,0.0,0.3541666666666667,0.0,0.0,0.0,0.75,0.6666666666666666,0.75,0.0,0.0,0.0
239686,0.17647058823529413,0.75,0.26070623655763536,0.6837997246278684,1.0,1.0,0.6666666666666666,0.3333333333333333,1.0,0.75,0.5,0.3684210526315789,0.6000000000000001,1.0,0.5,0.16666666666666666,0.6666666666666665,0.5,0.044444444444444446,0.1,0.5,0.0,0.9,0.9,0.25,0.0,0.6666666666666666,1.0,1.0,1.0,0.75,0.25,1.0,0.6174588665447898,0.6666666666666666,0.0,0.035530821917808215,0.4634776987718164,1.0,1.0,1.0,1.0,0.6704821690471152,0.34708470847084705,0.0,0.7229443153439452,0.5,0.0,0.3333333333333333,0.5,0.125,0.3333333333333333,0.6666666666666666,0.2727272727272727,1.0,0.3333333333333333,1.0,0.8,0.05607476635514018,0.6666666666666666,0.5,0.5368589743589743,0.75,1.0,1.0,0.22826086956521738,0.07861060329067641,0.0,0.0,0.4125,0.0,0.0,0.6363636363636364,0.75,0.6666666666666666,0.0,0.0,0.0,0.0
111250,0.0,0.75,0.3844819395240602,0.6797884973383121,1.0,1.0,0.6666666666666666,0.3333333333333333,1.0,0.25,0.5,0.2631578947368421,0.6000000000000001,1.0,0.5,0.8333333333333333,0.3333333333333333,0.5,0.26666666666666666,0.6,1.0,0.0,0.4,0.30000000000000004,0.25,0.0,0.3333333333333333,1.0,0.5,0.5,0.75,0.25,0.5,0.2742230347349177,0.6666666666666666,0.0,0.11301369863013698,0.2792501616031028,1.0,0.5,1.0,1.0,0.33327821163501126,0.0,0.0,0.20324347974183565,0.0,0.0,0.3333333333333333,0.0,0.375,0.3333333333333333,0.3333333333333333,0.18181818181818188,1.0,0.0,0.75,0.4,0.2616822429906542,0.3333333333333333,0.5,0.4615384615384615,0.75,1.0,1.0,0.2934782608695652,0.0,0.0,0.0,0.0,0.0,0.0,0.2727272727272727,0.5,0.0,0.75,0.0,0.0,0.0
295493,0.0,0.75,0.39365033250032666,0.5505137671713802,1.0,1.0,0.6666666666666666,0.3333333333333333,1.0,0.5,0.5,0.6842105263157894,0.6000000000000001,1.0,0.5,0.8333333333333333,0.7777777777777777,0.5,0.007407407407407408,0.016666666666666666,0.5,0.0,0.9,0.9,1.0,0.16875,0.6666666666666666,1.0,1.0,1.0,0.75,1.0,0.8333333333333333,0.0,0.6666666666666666,0.0,0.6943493150684931,0.524240465416936,1.0,1.0,1.0,1.0,0.7130750156271293,0.0,0.0,0.5652847428957748,0.5,0.0,0.6666666666666666,0.0,0.375,0.3333333333333333,1.0,0.4545454545454546,1.0,0.3333333333333333,0.75,0.8,0.009345794392523364,0.6666666666666666,0.75,0.6891025641025641,0.75,1.0,1.0,0.23369565217391303,0.07678244972577697,0.0,0.0,0.0,0.0,0.0,0.0,0.75,0.6666666666666666,0.75,0.0,0.0,0.0
97500,0.17647058823529413,0.75,0.5300124878197654,0.8671533711292794,1.0,1.0,0.0,0.3333333333333333,1.0,0.5,0.5,0.2631578947368421,0.0,1.0,0.5,0.16666666666666666,0.5555555555555556,0.5,0.45925925925925926,1.0,0.5,0.0,0.9,0.9,0.25,0.0,0.3333333333333333,1.0,0.5,0.5,0.75,0.25,0.8333333333333333,0.0,0.6666666666666666,0.0,0.3904109589041096,0.29476405946994183,1.0,0.5,1.0,1.0,0.36562819612612474,0.3003300330033003,0.0,0.5016817325552636,0.0,0.5,0.3333333333333333,0.0,0.375,0.3333333333333333,0.3333333333333333,0.2727272727272727,1.0,0.3333333333333333,0.75,0.8,0.5794392523364486,0.3333333333333333,0.25,0.2644230769230769,0.75,1.0,1.0,0.2608695652173913,0.0,0.0,0.0,0.0,0.0,0.0,0.0,1.0,0.6666666666666666,0.0,0.0,0.0,0.0
147000,0.38235294117647056,0.75,0.4932646269438401,0.47977196389026666,1.0,1.0,0.0,0.3333333333333333,1.0,0.5,0.5,0.47368421052631576,0.6000000000000001,1.0,0.5,0.3333333333333333,0.5555555555555556,0.625,0.13333333333333333,0.3,0.5,0.0,0.5,0.6000000000000001,0.25,0.0,0.3333333333333333,1.0,1.0,0.75,0.75,0.75,1.0,0.3414076782449726,0.6666666666666666,0.0,0.08090753424657533,0.3025210084033613,1.0,1.0,1.0,1.0,0.41834532621985465,0.0,0.0,0.2843336977042723,0.5,0.0,0.3333333333333333,0.0,0.25,0.3333333333333333,0.6666666666666666,0.18181818181818188,1.0,0.0,0.0,0.8,0.16822429906542055,0.3333333333333333,0.5,0.4519230769230769,0.75,1.0,1.0,0.16304347826086957,0.0,0.0,0.0,0.0,0.0,0.0,0.2727272727272727,1.0,0.6666666666666666,0.75,0.0,0.0,0.0
438780,0.2352941176470588,0.75,0.4373492848057643,0.7220474603845002,1.0,1.0,1.0,1.0,1.0,0.75,0.5,0.894736842105263,0.6000000000000001,1.0,0.5,1.0,1.0,0.5,0.0,0.0,1.0,0.0,0.9,0.9,0.5,0.644375,1.0,1.0,1.0,1.0,0.75,1.0,0.8333333333333333,0.0,0.6666666666666666,0.0,0.6035958904109588,0.4557207498383969,1.0,1.0,1.0,1.0,0.633074428623122,0.8355335533553355,0.0,0.9026673487328938,0.0,0.0,1.0,0.5,0.375,0.3333333333333333,0.6666666666666666,0.6363636363636365,1.0,0.3333333333333333,0.75,1.0,0.0,1.0,0.75,0.5136217948717948,0.75,1.0,1.0,0.2608695652173913,0.0,0.09585492227979275,0.0,0.0,0.0,0.0,0.8181818181818182,0.0,1.0,1.0,0.0,0.0,0.0
182900,0.0,0.75,0.3844819395240602,0.6709791879960081,1.0,1.0,0.6666666666666666,0.3333333333333333,1.0,0.0,0.5,0.5263157894736842,0.6000000000000001,1.0,0.5,0.8333333333333333,0.5555555555555556,0.75,0.1925925925925926,0.43333333333333335,0.5,0.0,0.4,0.30000000000000004,0.5,0.19375,0.6666666666666666,0.3333333333333333,0.5,0.75,0.75,0.25,0.5,0.30987202925045704,0.6666666666666666,0.0,0.3261986301369863,0.4654169360051713,1.0,1.0,1.0,1.0,0.6389199779075176,0.0,0.0,0.4945964610486393,0.0,0.0,0.6666666666666666,0.0,0.375,0.3333333333333333,0.6666666666666666,0.36363636363636365,1.0,0.3333333333333333,0.5,0.8,0.24299065420560745,1.0,0.5,0.37419871794871795,0.75,1.0,1.0,0.0,0.0,0.25647668393782386,0.0,0.0,0.0,0.0,0.2727272727272727,0.25,0.6666666666666666,0.75,0.0,0.0,0.0
311872,0.0,0.75,0.5370786959534646,0.5018941099276057,1.0,1.0,0.0,0.3333333333333333,1.0,0.5,0.5,0.8421052631578947,0.6000000000000001,1.0,0.5,0.8333333333333333,0.6666666666666665,0.5,0.0,0.0,1.0,0.0,1.0,1.0,1.0,0.128125,1.0,1.0,1.0,1.0,0.75,0.25,1.0,0.5146252285191956,0.6666666666666666,0.0,0.2568493150684931,0.5578539107950873,1.0,1.0,1.0,1.0,0.7473153346631718,0.0,0.0,0.5979243233880305,0.5,0.0,0.6666666666666666,0.0,0.375,0.3333333333333333,1.0,0.4545454545454546,1.0,0.3333333333333333,0.75,0.8,0.0,1.0,0.75,0.6298076923076923,0.75,1.0,1.0,0.23233695652173914,0.2522851919561243,0.0,0.0,0.5541666666666667,0.0,0.0,0.7272727272727273,0.25,1.0,1.0,0.0,0.0,0.0
181900,0.0,0.75,0.3844819395240602,0.7597024077039931,1.0,1.0,0.6666666666666666,0.3333333333333333,1.0,0.75,0.5,0.2631578947368421,0.6000000000000001,1.0,0.5,0.8333333333333333,0.5555555555555556,0.625,0.34814814814814815,0.3333333333333333,0.5,0.0,0.2,0.2,0.5,0.053125,0.3333333333333333,1.0,0.5,0.5,0.75,0.25,0.5,0.27148080438756855,0.3333333333333333,0.1485753052917232,0.14169520547945205,0.36974789915966383,1.0,1.0,1.0,1.0,0.6343318629858303,0.0,0.0,0.49022284098579716,0.0,0.5,0.3333333333333333,0.0,0.375,0.3333333333333333,0.6666666666666666,0.36363636363636365,1.0,0.6666666666666666,0.75,0.8,0.4392523364485981,0.3333333333333333,0.5,0.4583333333333333,0.75,1.0,1.0,0.2934782608695652,0.20109689213893966,0.0,0.0,0.0,0.0,0.0,0.4545454545454545,0.25,0.6666666666666666,0.75,0.0,0.0,0.0
217000,0.0,0.75,0.3844819395240602,0.9744696819572889,1.0,1.0,0.0,0.0,1.0,0.0,0.5,0.7368421052631579,0.6000000000000001,1.0,0.5,0.8333333333333333,0.5555555555555556,0.5,0.4,0.9,1.0,0.0,0.2,0.2,0.5,0.115,0.3333333333333333,0.3333333333333333,0.5,0.75,0.75,0.5,0.6666666666666666,0.015996343692870202,0.3333333333333333,0.5895522388059701,0.3874143835616438,0.5846800258564965,1.0,0.5,1.0,1.0,0.9083350196377933,0.0,0.0,0.7514163210249332,0.5,0.0,0.6666666666666666,0.0,0.375,0.3333333333333333,0.6666666666666666,0.36363636363636365,1.0,0.6666666666666666,0.75,0.6000000000000001,0.5046728971962616,0.3333333333333333,0.5,0.3605769230769231,0.75,1.0,1.0,0.22554347826086957,0.21937842778793418,0.49740932642487046,0.0,0.0,0.0,0.0,0.8181818181818182,0.25,0.0,0.0,0.0,0.0,0.0
264132,0.0,0.75,0.5082571568285814,0.7597831925693477,1.0,1.0,0.6666666666666666,0.3333333333333333,1.0,0.5,0.5,0.8421052631578947,0.6000000000000001,1.0,0.5,0.8333333333333333,0.8888888888888888,0.5,0.0,0.0,0.5,0.0,0.9,0.9,1.0,0.1775,0.6666666666666666,1.0,1.0,0.75,0.75,0.25,0.8333333333333333,0.0,0.6666666666666666,0.0,0.6412671232876712,0.4841628959276018,1.0,1.0,1.0,1.0,0.6657335015494543,0.0,0.0,0.5201564496185687,0.0,0.0,0.6666666666666666,0.0,0.25,0.3333333333333333,1.0,0.2727272727272727,1.0,0.3333333333333333,0.75,0.8,0.0,1.0,0.5,0.47435897435897434,0.75,1.0,1.0,0.0,0.3180987202925046,0.0,0.0,0.0,0.0,0.0,0.6363636363636364,0.5,1.0,1.0,0.0,0.0,0.0
337000,0.2352941176470588,0.75,0.5577527598632133,0.5027694466385091,1.0,1.0,0.0,0.3333333333333333,1.0,0.5,0.5,0.9473684210526315,0.6000000000000001,1.0,0.5,1.0,0.7777777777777777,0.5,0.07407407407407407,0.16666666666666666,0.5,0.0,0.9,0.9,0.5,0.420625,0.6666666666666666,1.0,1.0,0.75,0.75,0.5,1.0,0.5315356489945156,0.6666666666666666,0.0,0.03809931506849315,0.4046541693600517,1.0,1.0,1.0,1.0,0.5628111829105111,0.6034103410341034,0.0,0.7775704896696323,0.5,0.0,0.6666666666666666,0.5,0.375,0.3333333333333333,0.6666666666666666,0.4545454545454546,1.0,0.3333333333333333,0.75,0.8,0.09345794392523364,0.6666666666666666,0.75,0.6858974358974359,0.75,1.0,1.0,0.0,0.2340036563071298,0.0,0.0,0.375,0.0,0.0,0.5454545454545454,0.75,0.6666666666666666,0.75,0.0,0.0,0.0
222000,0.0,1.0,0.3844819395240602,0.05405625350787169,1.0,1.0,1.0,0.3333333333333333,1.0,0.5,0.5,0.8421052631578947,0.6000000000000001,1.0,0.5,0.8333333333333333,0.6666666666666665,0.5,0.007407407407407408,0.016666666666666666,0.5,0.0,0.4,0.30000000000000004,1.0,0.27,1.0,1.0,1.0,1.0,0.75,0.75,1.0,0.26416819012797077,0.6666666666666666,0.0,0.3818493150684931,0.4751131221719457,1.0,1.0,1.0,1.0,0.6545044782830778,0.0,0.0,0.5094523843799679,0.5,0.0,0.6666666666666666,0.5,0.25,0.3333333333333333,0.6666666666666666,0.36363636363636365,1.0,0.3333333333333333,0.75,0.8,0.009345794392523364,1.0,0.5,0.38782051282051283,0.75,1.0,1.0,0.0,0.263254113345521,0.0,0.0,0.0,0.0,0.0,0.4545454545454545,1.0,1.0,1.0,0.0,0.0,0.0
133900,0.38235294117647056,0.75,0.3844816966931084,0.34380411440347736,1.0,1.0,0.0,0.3333333333333333,1.0,0.5,0.5,0.6842105263157894,0.6000000000000001,1.0,0.5,0.3333333333333333,0.4444444444444445,0.875,0.2740740740740741,0.1,0.5,0.0,0.30000000000000004,0.6000000000000001,0.25,0.0,0.3333333333333333,0.3333333333333333,0.5,0.75,0.75,0.75,1.0,0.3016453382084095,0.6666666666666666,0.0,0.046232876712328765,0.2482223658694247,1.0,0.75,1.0,1.0,0.26280520992935275,0.0,0.0,0.13606509833477265,0.0,0.5,0.3333333333333333,0.0,0.25,0.3333333333333333,0.3333333333333333,0.18181818181818188,1.0,0.0,0.0,0.4,0.32710280373831774,1.0,0.25,0.3173076923076923,0.75,1.0,1.0,0.2608695652173913,0.0,0.0,0.0,0.0,0.0,0.0,0.2727272727272727,0.75,0.6666666666666666,0.75,0.0,0.0,0.0
290000,0.2352941176470588,0.75,0.4288805731761245,0.6572489046831205,1.0,1.0,0.6666666666666666,0.3333333333333333,1.0,0.5,0.5,0.9473684210526315,0.6000000000000001,1.0,0.5,1.0,0.7777777777777777,0.5,0.08888888888888889,0.2,0.5,0.0,0.9,0.9,0.5,0.320625,0.6666666666666666,1.0,1.0,0.75,0.75,0.75,0.3333333333333333,0.025594149908592323,1.0,0.04341926729986431,0.5128424657534246,0.4259857789269554,1.0,1.0,1.0,1.0,0.5904738426025351,0.6617161716171617,0.0,0.816261490731033,0.0,0.0,0.6666666666666666,0.5,0.5,0.3333333333333333,0.6666666666666666,0.5454545454545455,1.0,0.3333333333333333,0.5,0.8,0.11214953271028036,0.6666666666666666,0.75,0.6025641025641025,0.75,1.0,1.0,0.3016304347826087,0.17915904936014626,0.0,0.0,0.0,0.0,0.0,0.9090909090909091,0.25,0.6666666666666666,0.75,0.0,0.0,0.0
143000,0.17647058823529413,0.75,0.5776838802086337,0.740404021060078,1.0,1.0,0.6666666666666666,0.3333333333333333,1.0,0.5,0.5,0.3684210526315789,0.6000000000000001,1.0,0.5,0.16666666666666666,0.4444444444444445,0.5,0.11851851851851852,0.23333333333333334,0.5,0.0,0.9,0.9,0.25,0.0,0.3333333333333333,1.0,0.75,0.75,0.75,0.25,1.0,0.33455210237659966,0.6666666666666666,0.0,0.0273972602739726,0.2572721396250808,1.0,1.0,1.0,1.0,0.2842310426641812,0.3113311331133113,0.0,0.4628339025681556,0.5,0.0,0.3333333333333333,0.5,0.125,0.3333333333333333,0.3333333333333333,0.18181818181818188,1.0,0.0,0.75,0.8,0.14953271028037382,0.3333333333333333,0.5,0.3846153846153846,0.75,1.0,1.0,0.05434782608695652,0.054844606946983544,0.0,0.6299212598425197,0.0,0.0,0.04516129032258065,0.8181818181818182,0.75,0.6666666666666666,0.75,0.0,0.0,0.0
213000,0.0,0.75,0.5082571568285814,0.5224305501979467,1.0,1.0,0.0,0.3333333333333333,1.0,0.5,0.5,0.6842105263157894,0.6000000000000001,1.0,0.5,0.8333333333333333,0.6666666666666665,0.5,0.06666666666666667,0.13333333333333333,0.5,0.0,0.9,0.9,0.5,0.106875,0.6666666666666666,1.0,1.0,0.75,0.75,0.25,0.8333333333333333,0.0,0.6666666666666666,0.0,0.6977739726027397,0.5268261150614092,1.0,1.0,1.0,1.0,0.7130750156271293,0.0,0.0,0.5652847428957748,0.0,0.0,0.6666666666666666,0.0,0.375,0.3333333333333333,0.6666666666666666,0.2727272727272727,1.0,0.3333333333333333,0.5,0.8,0.08411214953271028,0.3333333333333333,0.5,0.3613782051282051,0.75,1.0,1.0,0.10054347826086957,0.42778793418647165,0.0,0.0,0.0,0.0,0.0,0.8181818181818182,0.75,0.6666666666666666,0.75,0.0,0.0,0.0
110000,0.17647058823529413,0.75,0.3844819395240602,0.32846799081322864,1.0,1.0,0.6666666666666666,0.0,1.0,0.0,0.5,0.15789473684210525,0.6000000000000001,1.0,0.5,0.16666666666666666,0.4444444444444445,0.375,0.43703703703703706,0.9833333333333333,0.5,0.0,0.4,0.30000000000000004,0.0,0.100625,0.3333333333333333,1.0,0.5,0.5,0.75,0.25,0.3333333333333333,0.08455210237659963,0.6666666666666666,0.0,0.22431506849315067,0.22915319974143503,1.0,0.5,1.0,1.0,0.40804472509924716,0.12321232123212321,0.0,0.3920321941030305,0.5,0.0,0.3333333333333333,0.0,0.375,0.3333333333333333,0.6666666666666666,0.18181818181818188,1.0,0.3333333333333333,0.5,0.4,0.5514018691588785,0.3333333333333333,0.25,0.28205128205128205,0.75,1.0,1.0,0.0,0.0,0.6424870466321244,0.0,0.0,0.0,0.0,0.5454545454545454,0.75,0.6666666666666666,0.75,0.0,0.0,0.0
98000,0.2941176470588235,0.25,0.06942672338005207,0.07611801440625499,1.0,0.0,0.0,0.3333333333333333,1.0,0.5,0.5,0.05263157894736842,0.6000000000000001,1.0,0.5,1.0,0.4444444444444445,0.5,0.6814814814814815,0.9666666666666667,0.5,0.0,0.0,0.0,0.25,0.0,0.3333333333333333,1.0,0.25,0.5,0.75,0.25,0.8333333333333333,0.0,0.6666666666666666,0.0,0.26712328767123283,0.20168067226890757,1.0,0.25,0.0,1.0,0.13856856390785932,0.396039603960396,0.0,0.4552458923585907,0.0,0.0,0.3333333333333333,0.0,0.5,0.3333333333333333,0.3333333333333333,0.36363636363636365,1.0,0.0,0.75,0.4,0.8598130841121495,0.3333333333333333,0.75,0.4110576923076923,0.5,0.3333333333333333,1.0,0.0,0.0,0.24870466321243523,0.0,0.0,0.0,0.0,0.36363636363636365,0.5,0.0,0.0,0.0,0.0,0.0
120000,0.05882352941176469,0.75,0.3844816966931084,0.5826895683227731,1.0,0.0,0.0,0.3333333333333333,1.0,0.5,0.5,0.05263157894736842,0.6000000000000001,1.0,0.5,0.8333333333333333,0.4444444444444445,0.625,0.6370370370370371,0.9333333333333333,1.0,0.0,0.6000000000000001,0.4,0.25,0.0,0.3333333333333333,1.0,0.25,0.5,0.75,0.25,0.16666666666666666,0.37522851919561245,0.6666666666666666,0.0,0.12799657534246575,0.36199095022624433,1.0,1.0,1.0,1.0,0.4938697910856953,0.0,0.0,0.3563273858334157,0.5,0.0,0.3333333333333333,0.0,0.25,0.3333333333333333,0.3333333333333333,0.18181818181818188,1.0,0.3333333333333333,0.75,0.4,0.3364485981308411,0.3333333333333333,0.5,0.5769230769230769,0.75,1.0,1.0,0.31114130434782605,0.0,0.0,0.0,0.0,0.0,0.0,0.4545454545454545,0.0,0.6666666666666666,0.75,0.0,0.0,0.0
200500,0.17647058823529413,0.75,0.8464879224395074,0.8846307700804408,1.0,1.0,0.6666666666666666,0.0,1.0,0.5,0.5,0.631578947368421,0.6000000000000001,1.0,0.5,0.16666666666666666,0.4444444444444445,0.625,0.4518518518518519,0.21666666666666667,0.5,0.0,0.4,0.30000000000000004,0.25,0.0,0.3333333333333333,1.0,0.5,0.5,0.75,0.25,0.16666666666666666,0.06946983546617916,0.16666666666666666,0.3181818181818182,0.418236301369863,0.5164835164835164,1.0,0.5,1.0,1.0,0.7152734098848934,0.534103410341034,0.9071969696969697,0.9293411995348868,0.0,0.0,1.0,0.0,0.375,0.3333333333333333,1.0,0.8181818181818181,0.0,0.3333333333333333,0.75,0.0,0.128971962616822,0.0,0.0,0.0,0.0,0.0,1.0,0.16576086956521738,0.0,0.0,0.0,0.0,0.0,0.0,0.1818181818181818,0.25,0.6666666666666666,0.75,0.0,0.0,1.0
186500,0.2352941176470588,1.0,0.4288805731761245,0.41501324847940424,1.0,1.0,0.0,0.3333333333333333,1.0,0.5,0.5,0.8421052631578947,0.6000000000000001,1.0,0.5,1.0,0.6666666666666665,0.5,0.007407407407407408,0.0,0.5,0.0,0.9,0.9,0.25,0.0,0.6666666666666666,1.0,1.0,0.75,0.75,0.25,0.8333333333333333,0.0,0.6666666666666666,0.0,0.32363013698630133,0.24434389140271492,1.0,1.0,1.0,1.0,0.25338251181928895,0.4383938393839384,0.0,0.5376843278258074,0.0,0.0,0.6666666666666666,0.5,0.375,0.3333333333333333,0.6666666666666666,0.2727272727272727,1.0,0.0,0.75,0.8,0.009345794392523364,0.6666666666666666,0.5,0.4927884615384615,0.75,1.0,1.0,0.0,0.08226691042047532,0.0,0.0,0.0,0.0,0.0,0.1818181818181818,0.0,1.0,1.0,0.0,0.0,0.0
255900,0.2352941176470588,0.75,0.3844819395240602,0.6067404188049812,1.0,1.0,0.0,0.3333333333333333,1.0,0.0,0.5,0.6842105263157894,0.6000000000000001,1.0,0.5,1.0,0.7777777777777777,0.5,0.044444444444444446,0.1,0.5,0.0,1.0,1.0,0.25,0.0,0.6666666666666666,1.0,1.0,0.75,0.75,0.5,0.8333333333333333,0.0,0.6666666666666666,0.0,0.4828767123287671,0.3645765998707175,1.0,1.0,1.0,1.0,0.5038465473056672,0.6276127612761275,0.0,0.7591900477246125,0.0,0.0,0.6666666666666666,0.5,0.5,0.3333333333333333,0.6666666666666666,0.5454545454545455,1.0,0.3333333333333333,0.75,0.8,0.05607476635514018,0.3333333333333333,0.5,0.624198717948718,0.75,1.0,1.0,0.0,0.0,0.0,0.0,0.0,0.0,0.0,0.36363636363636365,0.5,0.6666666666666666,0.75,0.0,0.0,0.0
185000,0.17647058823529413,0.75,0.4373492848057643,0.9959563051824496,1.0,1.0,0.0,0.3333333333333333,1.0,0.5,0.5,0.10526315789473684,0.6000000000000001,1.0,0.5,0.16666666666666666,0.5555555555555556,0.75,0.6666666666666667,0.9666666666666667,0.5,0.0,0.2,0.2,0.25,0.0,0.3333333333333333,1.0,0.25,0.75,0.75,0.5,0.8333333333333333,0.0,0.6666666666666666,0.0,0.49785958904109584,0.37588881706528765,1.0,1.0,1.0,1.0,0.5110928344005203,0.2810781078107811,0.0,0.5804767481384459,0.0,0.0,0.6666666666666666,0.0,0.5,0.3333333333333333,0.3333333333333333,0.4545454545454546,1.0,0.3333333333333333,0.75,0.4,0.49532710280373826,1.0,0.5,0.3173076923076923,0.75,1.0,0.0,0.09782608695652173,0.06581352833638025,0.0,0.0,0.3,0.0,0.0,0.5454545454545454,0.5,0.6666666666666666,0.75,0.0,0.0,0.0
179900,0.0,0.75,0.5776838802086337,0.5961188504971977,1.0,1.0,0.0,0.3333333333333333,1.0,0.0,0.5,0.6842105263157894,0.6000000000000001,1.0,0.5,0.8333333333333333,0.7777777777777777,0.5,0.007407407407407408,0.016666666666666666,0.5,0.0,0.9,0.9,0.25,0.0,0.6666666666666666,1.0,1.0,1.0,0.75,0.75,0.8333333333333333,0.0,0.6666666666666666,0.0,0.5282534246575342,0.39883645765998704,1.0,1.0,1.0,1.0,0.5465486432327435,0.0,0.0,0.4065434960595904,0.0,0.0,0.6666666666666666,0.0,0.375,0.3333333333333333,0.6666666666666666,0.36363636363636365,1.0,0.0,0.75,0.8,0.009345794392523364,0.6666666666666666,0.5,0.38782051282051283,0.75,1.0,1.0,0.0,0.054844606946983544,0.0,0.0,0.0,0.0,0.0,0.0,0.5,0.6666666666666666,0.75,0.0,0.0,0.0
148000,0.0,0.75,0.3844819395240602,0.3997342328176874,1.0,1.0,0.6666666666666666,0.3333333333333333,1.0,0.0,0.5,0.10526315789473684,0.6000000000000001,1.0,0.5,0.8333333333333333,0.5555555555555556,0.75,0.22962962962962963,0.5166666666666666,1.0,0.0,0.5,0.6000000000000001,0.5,0.10875,0.3333333333333333,0.3333333333333333,0.5,0.5,1.0,0.25,0.5,0.34323583180987205,0.6666666666666666,0.0,0.1678082191780822,0.3694246929541047,1.0,0.5,1.0,1.0,0.4847999853267866,0.0,0.0,0.3476815944549707,0.5,0.0,0.3333333333333333,0.5,0.375,0.3333333333333333,0.3333333333333333,0.2727272727272727,1.0,0.3333333333333333,0.25,0.8,0.18691588785046728,0.6666666666666666,0.25,0.40384615384615385,0.75,0.6666666666666666,1.0,0.5027173913043478,0.054844606946983544,0.0,0.0,0.0,0.0,0.0,0.36363636363636365,0.25,0.6666666666666666,0.75,0.0,0.0,0.0
130000,0.3529411764705882,0.75,0.3844816966931084,0.33837853881258617,1.0,1.0,0.0,0.0,1.0,0.5,1.0,0.2631578947368421,0.6000000000000001,1.0,0.5,0.5,0.4444444444444445,0.5,0.3851851851851852,0.8666666666666667,0.5,0.0,0.4,0.30000000000000004,0.25,0.0,0.3333333333333333,1.0,0.5,0.5,0.75,0.25,0.6666666666666666,0.17550274223034734,0.6666666666666666,0.0,0.0,0.12411118293471235,1.0,0.5,1.0,1.0,0.6047204433685454,0.0,0.0,0.46199575837389206,0.0,0.0,0.3333333333333333,0.0,0.375,0.3333333333333333,0.3333333333333333,0.2727272727272727,0.3333333333333333,0.3333333333333333,0.5,0.4,0.4205607476635514,0.3333333333333333,0.5,0.4583333333333333,0.75,1.0,1.0,0.0,0.09140767824497258,0.0,0.0,0.0,0.0,0.0,0.09090909090909091,0.25,0.6666666666666666,0.75,0.0,0.0,0.0
196500,0.2352941176470588,0.75,0.6031913551832246,0.6270717472970864,1.0,1.0,0.6666666666666666,0.3333333333333333,1.0,0.0,0.5,0.6842105263157894,0.6000000000000001,1.0,0.5,1.0,0.6666666666666665,0.5,0.014814814814814815,0.03333333333333333,0.5,0.0,0.9,0.9,0.25,0.0,0.6666666666666666,1.0,1.0,0.75,0.75,0.25,0.8333333333333333,0.0,0.6666666666666666,0.0,0.3681506849315068,0.2779573367808662,1.0,1.0,1.0,1.0,0.3305017381422206,0.473047304730473,0.0,0.5959381680847549,0.0,0.0,0.6666666666666666,0.5,0.375,0.3333333333333333,0.6666666666666666,0.36363636363636365,1.0,0.0,0.75,0.8,0.018691588785046728,0.6666666666666666,0.5,0.452724358974359,0.75,1.0,1.0,0.0,0.12797074954296161,0.0,0.0,0.0,0.0,0.0,0.6363636363636364,0.0,0.6666666666666666,0.75,0.0,0.0,0.0
180000,0.0,0.75,0.2833497820494679,0.4094763627078475,1.0,1.0,0.6666666666666666,0.3333333333333333,1.0,0.75,0.5,0.7894736842105263,0.6000000000000001,1.0,0.5,0.8333333333333333,0.6666666666666665,0.5,0.11851851851851852,0.26666666666666666,1.0,0.0,0.5,0.6000000000000001,0.5,0.03375,0.3333333333333333,1.0,0.5,0.75,0.75,0.25,0.6666666666666666,0.4812614259597806,0.6666666666666666,0.0,0.1095890410958904,0.4230769230769231,1.0,0.5,1.0,1.0,0.5954094675936097,0.0,0.0,0.453120071703228,0.5,0.0,0.6666666666666666,0.0,0.25,0.3333333333333333,0.3333333333333333,0.2727272727272727,1.0,0.3333333333333333,0.5,0.8,0.14953271028037382,1.0,0.5,0.38782051282051283,1.0,0.6666666666666666,1.0,0.0,0.10603290676416818,0.0,0.0,0.1875,0.0,0.0,0.5454545454545454,0.0,0.6666666666666666,0.75,0.0,0.0,0.0
182000,0.0,1.0,0.6393796096327964,0.6267681066673907,1.0,1.0,0.0,0.3333333333333333,1.0,0.0,0.5,0.8421052631578947,0.6000000000000001,1.0,0.5,0.8333333333333333,0.6666666666666665,0.5,0.007407407407407408,0.0,0.5,0.0,1.0,1.0,0.75,0.017124999999999998,0.6666666666666666,1.0,1.0,0.75,0.75,0.25,0.8333333333333333,0.0,0.6666666666666666,0.0,0.6113013698630136,0.4615384615384615,1.0,1.0,1.0,1.0,0.633913011751337,0.0,0.0,0.4898235710909069,0.0,0.0,0.6666666666666666,0.0,0.375,0.3333333333333333,0.6666666666666666,0.2727272727272727,1.0,0.0,0.5,0.8,0.009345794392523364,1.0,0.5,0.3846153846153846,0.75,1.0,1.0,0.0,0.21937842778793418,0.0,0.0,0.0,0.0,0.0,0.9999999999999999,0.5,1.0,1.0,1.0,0.0,0.0
212000,0.2352941176470588,0.75,0.19968985790685578,0.5753890775636687,1.0,1.0,1.0,0.3333333333333333,1.0,0.75,0.5,0.6842105263157894,1.0,1.0,0.5,1.0,0.6666666666666665,0.625,0.0962962962962963,0.21666666666666667,0.5,0.0,0.9,0.9,0.25,0.0,0.6666666666666666,1.0,1.0,0.75,0.75,0.75,1.0,0.17595978062157222,1.0,0.23337856173677068,0.029965753424657533,0.2582417582417582,1.0,1.0,1.0,1.0,0.30709050539202076,0.45874587458745875,0.0,0.5760301641292904,0.5,0.0,0.6666666666666666,0.5,0.375,0.3333333333333333,0.6666666666666666,0.2727272727272727,1.0,0.3333333333333333,0.5,0.8,0.12149532710280372,0.6666666666666666,0.5,0.4407051282051282,0.75,1.0,1.0,0.21467391304347824,0.11151736745886655,0.0,0.0,0.0,0.0,0.0,0.2727272727272727,0.75,0.3333333333333333,0.75,0.0,0.0,0.0
253293,0.0,0.75,0.6566252423110017,0.6783525844701845,1.0,1.0,0.0,0.3333333333333333,1.0,0.5,0.5,1.0,0.6000000000000001,1.0,0.5,0.8333333333333333,0.7777777777777777,0.5,0.007407407407407408,0.0,1.0,0.0,0.9,0.9,0.5,0.19125,1.0,1.0,1.0,1.0,0.75,0.25,0.8333333333333333,0.0,0.6666666666666666,0.0,0.8741438356164383,0.6599870717517776,1.0,1.0,1.0,1.0,0.8479082711206938,0.0,0.0,0.6938145294051439,0.0,0.0,0.6666666666666666,0.5,0.375,0.3333333333333333,1.0,0.4545454545454546,1.0,0.3333333333333333,0.75,0.8,0.0,0.6666666666666666,0.75,1.1137820512820513,0.75,1.0,1.0,0.0,0.16453382084095064,0.0,0.0,0.0,0.0,0.0,0.6363636363636364,0.75,1.0,1.0,0.0,0.0,0.0
188000,0.4117647058823529,0.75,0.41154510490988083,0.4944007669323316,1.0,1.0,0.0,0.3333333333333333,1.0,0.5,0.5,0.3684210526315789,0.6000000000000001,1.0,0.25,0.8333333333333333,0.4444444444444445,0.5,0.22222222222222224,0.5,0.5,0.0,0.7000000000000001,0.5,0.25,0.0,0.3333333333333333,1.0,0.5,0.5,0.75,0.25,0.6666666666666666,0.7340036563071298,0.6666666666666666,0.0,0.052226027397260275,0.5585003232062056,1.0,0.5,1.0,1.0,0.7480082461060316,0.0,0.0,0.5985848411475012,1.0,0.0,0.6666666666666666,0.0,0.5,0.6666666666666666,0.3333333333333333,0.4545454545454546,1.0,0.0,0.5,0.4,0.2803738317757009,0.3333333333333333,0.5,0.4487179487179487,0.75,1.0,1.0,0.0,0.0,0.0,0.0,0.0,0.0,0.0,0.5454545454545454,0.0,0.6666666666666666,0.5,0.0,0.0,0.0
235000,0.2352941176470588,0.75,0.3844819395240602,0.8380358930743057,1.0,1.0,0.6666666666666666,0.3333333333333333,1.0,0.0,0.5,0.5263157894736842,0.4,1.0,0.5,1.0,0.6666666666666665,0.75,0.21481481481481482,0.2,0.5,0.0,0.7000000000000001,0.5,0.5,0.02125,0.3333333333333333,1.0,0.5,0.5,0.75,0.25,0.6666666666666666,0.363345521023766,0.6666666666666666,0.0,0.0,0.25694893341952163,1.0,0.25,1.0,1.0,0.650442487366091,0.43729372937293726,0.0,0.7524253562665391,0.5,0.0,0.6666666666666666,0.5,0.375,0.3333333333333333,0.6666666666666666,0.5454545454545455,1.0,0.3333333333333333,0.5,0.8,0.27102803738317754,1.0,0.5,0.4318910256410256,0.75,1.0,1.0,0.0,0.4570383912248629,0.0,0.0,0.0,0.0,0.0,0.1818181818181818,0.0,0.6666666666666666,0.75,0.0,0.0,0.0
140000,0.588235294117647,0.75,0.3156709532065991,0.003801071391643873,1.0,1.0,0.0,0.3333333333333333,1.0,0.5,0.5,0.42105263157894735,0.6000000000000001,1.0,0.75,0.8333333333333333,0.5555555555555556,0.625,0.22962962962962963,0.5166666666666666,0.5,0.0,0.7000000000000001,0.5,0.25,0.0,0.3333333333333333,1.0,0.5,0.75,0.75,0.25,0.6666666666666666,0.2554844606946984,0.6666666666666666,0.0,0.21832191780821916,0.34550743374272785,1.0,0.5,1.0,1.0,0.4606661231476461,0.0,0.0,0.3246759928904557,0.0,0.0,0.6666666666666666,0.0,0.25,0.3333333333333333,0.3333333333333333,0.09090909090909094,1.0,0.0,0.75,0.8,0.2897196261682243,0.6666666666666666,0.5,0.35256410256410253,0.75,1.0,1.0,0.0,0.10054844606946983,0.0,0.0,0.4166666666666667,0.0,0.0,0.8181818181818182,0.5,0.0,0.0,0.0,0.0,0.0
294000,0.2352941176470588,0.75,0.3844819395240602,0.8684646798094233,1.0,1.0,0.6666666666666666,0.3333333333333333,1.0,0.5,0.5,0.42105263157894735,0.6000000000000001,1.0,0.5,1.0,0.6666666666666665,0.75,0.24444444444444446,0.06666666666666667,0.5,0.0,0.2,0.2,0.25,0.0,0.6666666666666666,1.0,0.5,0.5,0.75,1.0,0.3333333333333333,0.05712979890310786,1.0,0.6994572591587517,0.015410958904109588,0.3852617970265029,1.0,0.5,1.0,1.0,0.669693337075191,0.3580858085808581,0.0,0.7277017230877054,0.5,0.0,0.6666666666666666,0.5,0.375,0.3333333333333333,0.6666666666666666,0.5454545454545455,1.0,0.6666666666666666,0.75,0.8,0.308411214953271,0.6666666666666666,0.5,0.41506410256410253,0.75,1.0,1.0,0.29891304347826086,0.08592321755027423,0.0,0.0,0.0,0.0,0.0,0.5454545454545454,0.25,0.6666666666666666,0.75,0.0,0.0,0.0
284000,0.0,0.75,0.5776838802086337,0.5747259156640521,1.0,1.0,0.6666666666666666,0.3333333333333333,1.0,0.5,0.5,1.0,0.6000000000000001,1.0,0.5,0.8333333333333333,0.7777777777777777,0.5,0.044444444444444446,0.08333333333333333,0.5,0.0,0.9,0.9,0.5,0.185,0.6666666666666666,1.0,1.0,0.75,0.75,0.25,1.0,0.5137111517367459,0.0,0.32496607869742195,0.6862157534246575,1.0361990950226243,1.0,1.0,1.0,1.0,0.7127078299979073,0.0,0.0,0.5649347232336335,0.5,0.0,0.6666666666666666,0.0,0.375,0.3333333333333333,0.6666666666666666,0.36363636363636365,1.0,0.3333333333333333,0.75,0.8,0.05607476635514018,0.6666666666666666,0.75,0.7051282051282051,0.75,1.0,1.0,0.0,0.0,0.0,0.0,0.0,0.0,0.0,0.8181818181818182,0.75,0.6666666666666666,0.75,0.0,0.0,0.0
248000,0.2352941176470588,0.75,0.3844819395240602,0.5935002206628273,1.0,1.0,0.0,0.3333333333333333,1.0,0.25,0.5,0.9473684210526315,0.6000000000000001,1.0,0.5,1.0,0.7777777777777777,0.5,0.05185185185185186,0.11666666666666667,0.5,0.0,0.9,0.9,0.5,0.045,0.6666666666666666,1.0,1.0,0.75,0.75,0.25,0.8333333333333333,0.0,0.6666666666666666,0.0,0.4148116438356164,0.3131868131868132,1.0,1.0,1.0,1.0,0.41894575674092893,0.7084708470847084,0.0,0.7579433652139218,0.0,0.0,0.6666666666666666,0.5,0.5,0.3333333333333333,0.6666666666666666,0.4545454545454546,1.0,0.3333333333333333,0.5,1.0,0.06542056074766354,1.0,0.75,0.5192307692307692,0.75,1.0,1.0,0.0,0.10237659963436929,0.0,0.0,0.0,0.0,0.0,0.4545454545454545,0.25,0.6666666666666666,0.75,0.0,0.0,0.0
100000,0.0,0.75,0.4288805731761245,0.339698425160436,1.0,1.0,0.0,0.3333333333333333,1.0,0.5,0.5,0.2631578947368421,0.6000000000000001,1.0,0.5,0.8333333333333333,0.4444444444444445,0.5,0.3111111111111111,0.7,0.5,0.0,0.5,0.6000000000000001,0.5,0.0375,0.3333333333333333,1.0,0.5,0.5,0.75,0.25,0.5,0.19744058500914077,0.6666666666666666,0.0,0.19691780821917806,0.28829993535875886,1.0,0.5,1.0,1.0,0.3523609349427983,0.0,0.0,0.22143408371256257,0.0,0.0,0.3333333333333333,0.0,0.375,0.3333333333333333,0.3333333333333333,0.18181818181818188,1.0,0.0,0.75,0.8,0.3925233644859813,0.6666666666666666,0.25,0.23076923076923075,0.75,1.0,1.0,0.0,0.0,0.0,0.0,0.0,0.0,0.0,0.5454545454545454,0.75,0.6666666666666666,0.75,0.0,0.0,0.0
183500,0.2352941176470588,0.75,0.4026698781743716,0.4235796549547377,1.0,1.0,0.6666666666666666,0.3333333333333333,1.0,0.5,0.5,0.5789473684210527,0.6000000000000001,1.0,0.5,1.0,0.6666666666666665,0.5,0.022222222222222223,0.05,0.5,0.0,0.9,0.9,0.25,0.0,0.6666666666666666,1.0,1.0,0.75,0.75,0.25,0.8333333333333333,0.0,0.6666666666666666,0.0,0.3595890410958904,0.27149321266968324,1.0,1.0,1.0,1.0,0.31642276000345637,0.484048404840484,0.0,0.5959381680847549,0.0,0.0,0.6666666666666666,0.5,0.375,0.3333333333333333,0.6666666666666666,0.36363636363636365,1.0,0.3333333333333333,0.75,0.8,0.02803738317757009,1.0,0.5,0.35256410256410253,0.75,1.0,1.0,0.1358695652173913,0.08775137111517367,0.0,0.0,0.0,0.0,0.0,0.36363636363636365,0.25,0.6666666666666666,0.75,0.0,0.0,0.0
248328,0.0,0.75,0.5644763553627146,0.5283826634973892,1.0,1.0,0.0,0.3333333333333333,1.0,0.5,0.5,0.8421052631578947,0.6000000000000001,1.0,0.5,0.8333333333333333,0.6666666666666665,0.625,0.0,0.0,1.0,0.0,0.9,0.9,1.0,0.0,0.6666666666666666,1.0,1.0,0.75,0.75,0.75,0.8333333333333333,0.0,0.6666666666666666,0.0,0.7230308219178082,0.5458952811893988,1.0,1.0,1.0,1.0,0.73434957303563,0.0,0.0,0.5855647124907111,0.0,0.0,0.6666666666666666,0.0,0.375,0.3333333333333333,0.6666666666666666,0.36363636363636365,1.0,0.0,0.75,0.8,0.0,0.6666666666666666,0.75,0.7644230769230769,0.75,1.0,1.0,0.0,0.10237659963436929,0.0,0.0,0.0,0.0,0.0,0.4545454545454545,0.25,1.0,1.0,0.0,0.0,0.0
135000,0.0,0.75,0.4856136113367493,0.5462348065983873,1.0,1.0,0.0,0.3333333333333333,1.0,0.5,0.5,0.2631578947368421,0.6000000000000001,1.0,0.5,0.8333333333333333,0.4444444444444445,0.5,0.37777777777777777,0.85,1.0,0.0,0.4,0.30000000000000004,0.5,0.075,0.3333333333333333,1.0,0.5,0.5,0.75,0.25,0.5,0.26782449725776963,0.6666666666666666,0.0,0.1977739726027397,0.33872010342598574,1.0,0.5,1.0,1.0,0.44879524889178546,0.0,0.0,0.31336008326415277,0.5,0.0,0.3333333333333333,0.0,0.375,0.3333333333333333,0.3333333333333333,0.2727272727272727,1.0,0.0,0.5,0.8,0.47663551401869153,0.3333333333333333,0.25,0.22916666666666666,0.75,1.0,1.0,0.0,0.03656307129798903,0.0,0.0,0.4,0.0,0.0,0.4545454545454545,0.25,0.6666666666666666,0.75,0.0,0.0,0.0
320000,0.2352941176470588,0.75,0.8301723392450169,0.9271103001349319,1.0,1.0,0.6666666666666666,1.0,1.0,0.0,0.5,0.5789473684210527,0.6000000000000001,1.0,0.5,1.0,0.6666666666666665,0.5,0.007407407407407408,0.0,0.5,0.0,0.9,0.9,0.5,0.28500000000000003,0.6666666666666666,1.0,1.0,0.75,0.75,0.5,1.0,0.026051188299817184,0.6666666666666666,0.0,0.5714897260273972,0.44990303813833227,1.0,1.0,1.0,1.0,0.6186356976140908,0.5885588558855885,0.0,0.8004965638267332,0.5,0.0,0.6666666666666666,0.5,0.5,0.3333333333333333,0.6666666666666666,0.5454545454545455,1.0,0.3333333333333333,0.75,0.8,0.0,0.6666666666666666,0.5,0.4615384615384615,0.75,1.0,1.0,0.3247282608695652,0.2413162705667276,0.0,0.3307086614173228,0.0,0.0,0.0,0.1818181818181818,0.0,1.0,1.0,0.0,0.0,0.0
272000,0.0,0.75,0.3844819395240602,0.6157314966451972,1.0,1.0,0.0,0.3333333333333333,1.0,0.5,0.5,0.6842105263157894,0.6000000000000001,1.0,0.5,0.8333333333333333,0.7777777777777777,0.5,0.06666666666666667,0.13333333333333333,0.5,0.0,0.9,0.9,0.5,0.299375,0.6666666666666666,1.0,1.0,0.75,0.75,0.75,1.0,0.6206581352833638,0.6666666666666666,0.0,0.09546232876712328,0.510989010989011,1.0,1.0,1.0,1.0,0.7023340648817524,0.0,0.0,0.5550459327360895,0.5,0.0,0.6666666666666666,0.0,0.375,0.3333333333333333,0.6666666666666666,0.2727272727272727,1.0,0.3333333333333333,0.5,0.8,0.08411214953271028,0.6666666666666666,0.5,0.5368589743589743,0.75,1.0,1.0,0.24456521739130435,0.0,0.0,0.0,0.0,0.0,0.12903225806451613,0.36363636363636365,1.0,0.6666666666666666,0.75,0.0,0.0,0.0
129900,0.0,0.75,0.46998751218023505,0.48178243253560193,1.0,1.0,0.0,0.3333333333333333,1.0,0.0,0.5,0.2631578947368421,0.2,1.0,0.5,0.8333333333333333,0.4444444444444445,0.5,0.35555555555555557,0.8,0.5,0.0,0.9,0.9,0.25,0.0,0.3333333333333333,1.0,0.5,0.5,0.75,0.25,0.5,0.23811700182815357,0.5,0.1180461329715061,0.0723458904109589,0.2792501616031028,1.0,0.5,1.0,1.0,0.33327821163501126,0.0,0.0,0.20324347974183565,0.5,0.0,0.3333333333333333,0.0,0.375,0.3333333333333333,0.3333333333333333,0.18181818181818188,1.0,0.0,0.75,0.4,0.3925233644859813,0.3333333333333333,0.5,0.5,0.75,1.0,1.0,0.0,0.0,0.0,0.0,0.0,0.0,0.0,0.5454545454545454,0.0,0.6666666666666666,0.75,0.0,0.0,0.0
134900,0.17647058823529413,0.25,0.2833497820494679,0.236386812684934,1.0,1.0,0.0,0.3333333333333333,1.0,0.5,0.5,0.15789473684210525,0.6000000000000001,1.0,0.5,0.16666666666666666,0.5555555555555556,1.0,0.5333333333333333,0.15,0.5,0.0,0.4,0.30000000000000004,0.25,0.0,0.6666666666666666,1.0,0.25,0.5,0.75,0.25,0.8333333333333333,0.0,0.6666666666666666,0.0,0.2988013698630137,0.22559793148028442,1.0,0.5,1.0,1.0,0.27666673250910456,0.2145214521452145,0.0,0.37908532497674274,0.0,0.0,0.3333333333333333,0.0,0.25,0.3333333333333333,0.3333333333333333,0.09090909090909094,1.0,0.0,0.75,0.4,0.09345794392523364,0.3333333333333333,0.5,0.5,0.75,1.0,0.0,0.28532608695652173,0.0,0.0,0.0,0.0,0.0,0.0,0.5454545454545454,0.75,0.6666666666666666,0.75,0.0,0.0,0.0
139900,0.0,0.75,0.3844819395240602,0.6613205450908239,1.0,1.0,0.6666666666666666,0.3333333333333333,1.0,0.5,0.5,0.2631578947368421,0.6000000000000001,1.0,0.5,0.8333333333333333,0.4444444444444445,0.5,0.34814814814814815,0.48333333333333334,1.0,0.0,0.2,0.2,0.25,0.0,0.3333333333333333,1.0,0.5,0.5,0.75,0.25,0.8333333333333333,0.0,0.6666666666666666,0.0,0.4186643835616438,0.3160956690368455,1.0,0.5,1.0,1.0,0.631393728180814,0.0,0.0,0.4874220642943041,0.0,0.0,0.3333333333333333,0.0,0.375,0.3333333333333333,0.3333333333333333,0.2727272727272727,0.3333333333333333,0.3333333333333333,0.5,0.8,0.4392523364485981,0.6666666666666666,0.25,0.22916666666666666,0.75,1.0,1.0,0.0,0.0,0.09326424870466321,0.0,0.0,0.0,0.03870967741935484,0.6363636363636364,0.25,0.6666666666666666,0.75,0.0,0.0,0.0
84500,0.0,0.75,0.6093890714722223,0.8574468779490845,1.0,1.0,0.0,0.3333333333333333,1.0,0.5,0.5,0.3684210526315789,0.6000000000000001,1.0,0.5,0.8333333333333333,0.4444444444444445,0.5,0.0,0.0,0.5,0.0,0.9,0.9,0.25,0.0,0.3333333333333333,1.0,1.0,0.75,0.75,0.25,0.8333333333333333,0.0,0.6666666666666666,0.0,0.48801369863013694,0.36845507433742725,1.0,1.0,1.0,1.0,0.49914144601595156,0.0,0.0,0.3613525903369834,0.0,0.0,0.3333333333333333,0.0,0.375,0.3333333333333333,0.3333333333333333,0.2727272727272727,1.0,0.0,0.75,0.0,0.11962616822429863,0.0,0.0,0.0,0.0,0.0,1.0,0.048913043478260865,0.10237659963436929,0.0,0.0,0.0,0.0,0.0,0.5454545454545454,0.0,0.6666666666666666,0.0,0.0,0.0,1.0
84900,0.0,0.75,0.3844816966931084,0.5988320581571989,1.0,1.0,0.0,0.6666666666666666,1.0,0.5,0.5,0.10526315789473684,0.6000000000000001,1.0,0.5,0.8333333333333333,0.3333333333333333,0.75,0.4740740740740741,0.06666666666666667,0.5,0.0,0.4,0.30000000000000004,0.25,0.0,0.3333333333333333,1.0,0.5,0.0,0.25,0.0,0.0,0.0,0.0,0.0,0.0,0.0,1.0,1.0,1.0,1.0,0.37732229404702666,0.0,0.0,0.245228496633219,0.0,0.0,0.3333333333333333,0.0,0.25,0.3333333333333333,0.6666666666666666,0.2727272727272727,1.0,0.0,0.5,0.4,0.5981308411214953,0.3333333333333333,0.25,0.24679487179487178,0.75,1.0,1.0,0.0,0.0,0.0,0.0,0.0,0.0,0.0,0.2727272727272727,1.0,0.6666666666666666,0.0,0.0,1.0,0.0
132500,0.0,0.75,0.5440560186071031,0.4402086838547188,1.0,1.0,0.0,0.3333333333333333,1.0,0.0,0.5,0.21052631578947367,0.6000000000000001,1.0,0.5,0.8333333333333333,0.4444444444444445,0.625,0.32592592592592595,0.7333333333333333,1.0,0.0,0.5,0.6000000000000001,0.25,0.0,0.3333333333333333,1.0,0.5,0.5,0.75,0.25,1.0,0.28793418647166363,0.6666666666666666,0.0,0.14554794520547945,0.31351001939237233,1.0,0.5,1.0,1.0,0.4025188154507142,0.0,0.0,0.2692470779909115,0.5,0.0,0.3333333333333333,0.0,0.25,0.3333333333333333,0.3333333333333333,0.18181818181818188,1.0,0.0,0.25,0.4,0.102803738317757,0.3333333333333333,0.5,0.5,0.75,1.0,1.0,0.0,0.043875685557586835,0.0,0.0,0.4,0.0,0.0,0.5454545454545454,0.25,0.6666666666666666,0.75,0.0,0.0,0.0
227000,0.2352941176470588,0.75,0.46998751218023505,0.43462414894188495,1.0,1.0,0.0,0.3333333333333333,1.0,0.5,0.5,0.5263157894736842,0.6000000000000001,1.0,0.5,1.0,0.7777777777777777,0.625,0.05925925925925926,0.13333333333333333,0.5,0.0,0.9,0.9,0.25,0.0,0.6666666666666666,1.0,1.0,0.75,0.75,0.25,1.0,0.29387568555758686,0.6666666666666666,0.0,0.07148972602739725,0.26179702650290887,1.0,1.0,1.0,1.0,0.29466294514215585,0.47029702970297027,0.0,0.5774020397673865,0.5,0.0,0.6666666666666666,0.5,0.375,0.3333333333333333,0.6666666666666666,0.2727272727272727,1.0,0.0,0.75,0.8,0.07476635514018691,1.0,0.5,0.4230769230769231,0.75,1.0,1.0,0.0,0.08226691042047532,0.0,0.0,0.0,0.0,0.0,0.9090909090909091,0.75,0.6666666666666666,0.75,0.0,0.0,0.0
79500,0.11764705882352941,0.25,0.2833497820494679,0.48178243253560193,1.0,1.0,0.0,0.3333333333333333,1.0,0.5,0.5,0.15789473684210525,0.8,0.0,0.5,0.8333333333333333,0.4444444444444445,0.625,0.5777777777777778,0.8,0.5,0.0,0.9,0.9,0.25,0.0,0.3333333333333333,1.0,0.25,0.5,0.75,0.25,0.8333333333333333,0.0,0.6666666666666666,0.0,0.31763698630136983,0.23981900452488686,1.0,0.5,1.0,0.6666666666666666,0.27131423323822634,0.0,0.29545454545454547,0.2482867185531048,0.0,0.0,0.3333333333333333,0.0,0.25,0.3333333333333333,0.3333333333333333,0.09090909090909094,1.0,0.0,0.75,0.4,0.18691588785046728,0.3333333333333333,0.25,0.24679487179487178,0.75,1.0,0.5,0.0,0.0,0.0,0.0,0.0,0.0,0.03870967741935484,0.6363636363636364,0.5,0.6666666666666666,0.75,0.0,0.0,0.0
99900,0.05882352941176469,0.75,0.346212052044762,0.0062731935861322086,1.0,1.0,0.0,0.3333333333333333,1.0,0.0,0.5,0.10526315789473684,0.2,1.0,0.5,0.8333333333333333,0.4444444444444445,0.875,0.6444444444444445,0.9833333333333333,0.5,0.0,0.2,0.2,0.25,0.0,0.3333333333333333,1.0,1.0,0.25,0.75,0.25,0.8333333333333333,0.0,0.6666666666666666,0.0,0.3698630136986301,0.2792501616031028,1.0,1.0,1.0,1.0,0.33327821163501126,0.0,0.0,0.20324347974183565,0.0,0.0,0.3333333333333333,0.0,0.25,0.3333333333333333,0.3333333333333333,0.09090909090909094,1.0,0.0,0.75,0.0,0.14766355140186874,0.0,0.0,0.0,0.0,0.0,1.0,0.0,0.17550274223034734,0.0,0.0,0.0,0.0,0.0,0.5454545454545454,0.75,0.6666666666666666,0.75,0.0,0.0,1.0
129000,0.0,0.75,0.5776838802086337,0.3246764323581708,1.0,1.0,0.0,0.3333333333333333,1.0,0.0,0.5,0.21052631578947367,0.2,1.0,0.5,0.8333333333333333,0.3333333333333333,0.5,0.34074074074074073,0.7666666666666666,0.5,0.0,0.9,0.9,0.25,0.0,0.3333333333333333,1.0,0.5,0.5,0.75,0.25,0.6666666666666666,0.4259597806215722,0.6666666666666666,0.0,0.046232876712328765,0.3361344537815126,1.0,0.5,1.0,1.0,0.4885512763861368,0.0,0.0,0.3512575122597279,0.5,0.0,0.3333333333333333,0.5,0.375,0.3333333333333333,0.0,0.18181818181818188,1.0,0.0,0.75,0.8,0.42990654205607476,0.6666666666666666,0.5,0.4358974358974359,0.75,1.0,1.0,0.22826086956521738,0.0,0.0,0.0,0.0,0.0,0.025806451612903226,0.36363636363636365,0.25,0.6666666666666666,0.75,0.0,0.0,0.0
141000,0.0,0.75,0.8544692088733432,0.9197678349041762,1.0,1.0,0.0,0.3333333333333333,1.0,0.0,0.5,0.5789473684210527,0.6000000000000001,1.0,0.5,0.8333333333333333,0.3333333333333333,0.5,0.43703703703703706,0.9833333333333333,0.5,0.0,0.9,0.9,0.25,0.0,0.3333333333333333,1.0,0.5,0.5,0.75,0.25,0.3333333333333333,0.054844606946983544,0.6666666666666666,0.0,0.3184931506849315,0.2792501616031028,1.0,1.0,1.0,1.0,0.33327821163501126,0.0,0.0,0.20324347974183565,0.0,0.0,0.3333333333333333,0.0,0.25,0.3333333333333333,0.3333333333333333,0.09090909090909094,1.0,0.0,0.75,0.4,0.5514018691588785,0.3333333333333333,0.5,0.3205128205128205,0.75,1.0,1.0,0.0,0.0,0.0,0.0,0.0,0.0,0.0,0.4545454545454545,1.0,0.6666666666666666,0.75,0.0,0.0,0.0
290000,0.2352941176470588,0.75,0.6215805476603935,0.5443747765700824,1.0,1.0,0.0,0.3333333333333333,1.0,0.5,0.5,0.9473684210526315,0.6000000000000001,1.0,0.5,1.0,0.7777777777777777,0.5,0.08888888888888889,0.2,1.0,0.0,0.9,0.9,0.5,0.244375,0.6666666666666666,1.0,1.0,0.75,0.75,0.25,1.0,0.3382084095063985,0.6666666666666666,0.0,0.1819349315068493,0.37653522947640594,1.0,1.0,1.0,1.0,0.5313256654515537,0.7277227722772277,0.0,0.8151336338842552,0.5,0.0,0.6666666666666666,0.5,0.5,0.3333333333333333,0.6666666666666666,0.4545454545454546,1.0,0.3333333333333333,0.5,0.8,0.11214953271028036,0.6666666666666666,0.75,0.6762820512820512,0.75,1.0,1.0,0.41983695652173914,0.1425959780621572,0.0,0.0,0.0,0.0,0.0,0.9999999999999999,0.0,0.6666666666666666,0.75,0.0,0.0,0.0
165000,0.0,0.75,0.3844819395240602,0.7046548689915255,1.0,1.0,0.0,0.3333333333333333,1.0,0.5,0.5,0.21052631578947367,1.0,1.0,0.5,0.8333333333333333,0.4444444444444445,0.5,0.4,0.9,0.5,0.0,0.2,0.5,0.25,0.0,0.3333333333333333,1.0,1.0,0.75,0.75,0.5,0.5,0.48628884826325414,0.6666666666666666,0.0,0.1365582191780822,0.4469941822882999,1.0,0.5,1.0,1.0,0.6147546312665111,0.0,0.0,0.47156084692418565,0.5,0.0,0.3333333333333333,0.0,0.375,0.3333333333333333,0.3333333333333333,0.2727272727272727,1.0,0.3333333333333333,0.75,0.8,0.5046728971962616,0.3333333333333333,0.25,0.28365384615384615,0.75,1.0,1.0,0.6942934782608695,0.21206581352833637,0.0,0.0,0.0,0.0,0.0,0.4545454545454545,0.5,0.6666666666666666,0.75,0.0,0.0,0.0
134000,0.0,0.75,0.47785558505369585,0.48738834456504065,1.0,1.0,0.0,0.0,1.0,0.0,0.5,0.3684210526315789,0.6000000000000001,1.0,0.5,0.8333333333333333,0.5555555555555556,0.5,0.17777777777777778,0.4,0.5,0.0,0.9,0.9,0.25,0.0,0.3333333333333333,0.3333333333333333,1.0,0.5,0.75,0.25,0.6666666666666666,0.15356489945155394,0.6666666666666666,0.0,0.3202054794520548,0.35035552682611504,1.0,0.5,1.0,1.0,0.4667914615248372,0.0,0.0,0.33051497104933825,0.0,0.0,0.3333333333333333,0.5,0.375,0.3333333333333333,0.3333333333333333,0.18181818181818188,1.0,0.0,0.75,0.8,0.22429906542056072,0.3333333333333333,0.5,0.38782051282051283,0.75,1.0,1.0,0.16304347826086957,0.0,0.40932642487046633,0.0,0.0,0.0,0.0,0.4545454545454545,0.25,0.6666666666666666,0.75,0.0,0.0,0.0
155900,0.588235294117647,0.25,0.11632984717362205,0.05832267828608195,1.0,1.0,0.0,0.3333333333333333,1.0,0.5,0.5,0.6842105263157894,0.6000000000000001,1.0,0.75,0.8333333333333333,0.5555555555555556,0.5,0.014814814814814815,0.03333333333333333,0.5,0.0,0.9,0.9,0.5,0.105625,0.6666666666666666,1.0,1.0,0.75,0.75,0.5,1.0,0.30255941499085925,0.6666666666666666,0.0,0.07962328767123288,0.2740788623141564,1.0,1.0,1.0,1.0,0.32209416705416993,0.0,0.0,0.19258229043045416,0.5,0.0,0.3333333333333333,0.0,0.125,0.3333333333333333,0.6666666666666666,0.0,1.0,0.3333333333333333,0.75,0.8,0.018691588785046728,0.6666666666666666,0.5,0.3365384615384615,0.75,1.0,1.0,0.1902173913043478,0.0,0.0,0.0,0.0,0.0,0.0,0.36363636363636365,0.0,0.6666666666666666,0.75,0.0,0.0,0.0
159500,0.0,0.75,0.5370786959534646,0.4693509703091987,1.0,1.0,0.0,0.3333333333333333,1.0,0.0,0.5,0.2631578947368421,0.6000000000000001,1.0,0.5,0.8333333333333333,0.5555555555555556,0.625,0.34814814814814815,0.7833333333333333,1.0,0.0,0.8,0.8,0.25,0.0,0.3333333333333333,1.0,0.5,0.5,0.75,0.5,0.6666666666666666,0.2993601462522852,0.6666666666666666,0.0,0.0,0.2117000646412411,1.0,1.0,1.0,1.0,0.5268325607525202,0.0,0.0,0.3877491425248638,0.0,0.5,0.3333333333333333,0.0,0.375,0.3333333333333333,0.3333333333333333,0.2727272727272727,1.0,0.3333333333333333,0.25,1.0,0.4859813084112149,1.0,0.5,0.4318910256410256,0.75,1.0,1.0,0.0,0.0,0.49740932642487046,0.0,0.0,0.0,0.0,0.5454545454545454,0.0,0.6666666666666666,0.75,0.0,0.0,0.0
185750,0.0,0.75,0.3844819395240602,0.48539694707565406,1.0,1.0,0.6666666666666666,0.3333333333333333,1.0,0.5,0.5,0.5263157894736842,1.0,1.0,0.5,0.8333333333333333,0.5555555555555556,0.75,0.3037037037037037,0.6833333333333333,1.0,0.0,0.8,0.8,0.25,0.0,0.3333333333333333,1.0,0.5,0.5,0.75,0.25,0.8333333333333333,0.0,0.6666666666666666,0.0,0.6374143835616438,0.4812540400775695,1.0,0.75,1.0,1.0,0.6589410463719525,0.0,0.0,0.513681542440493,0.0,0.0,0.6666666666666666,0.0,0.375,0.3333333333333333,0.6666666666666666,0.36363636363636365,1.0,0.3333333333333333,0.75,0.8,0.38317757009345793,0.6666666666666666,0.5,0.37019230769230765,0.75,1.0,1.0,0.0,0.0,0.0,0.0,0.0,0.0,0.0,0.6363636363636364,0.75,0.6666666666666666,0.75,0.0,0.0,0.0
110000,0.0,0.75,0.3844819395240602,0.5056986015628606,1.0,1.0,0.0,0.3333333333333333,1.0,0.0,0.5,0.2631578947368421,0.6000000000000001,1.0,0.5,0.8333333333333333,0.4444444444444445,0.5,0.3111111111111111,0.7,0.5,0.0,0.5,0.6000000000000001,0.5,0.040625,0.3333333333333333,1.0,0.5,0.5,0.75,0.25,0.16666666666666666,0.15539305301645337,0.6666666666666666,0.0,0.22431506849315067,0.2792501616031028,1.0,0.5,1.0,1.0,0.3523609349427983,0.0,0.0,0.22143408371256257,0.0,0.0,0.3333333333333333,0.0,0.375,0.3333333333333333,0.3333333333333333,0.18181818181818188,1.0,0.0,0.75,0.8,0.3925233644859813,0.6666666666666666,0.25,0.21153846153846154,0.75,1.0,1.0,0.0,0.0,0.0,0.0,0.0,0.0,0.0,0.8181818181818182,0.5,0.6666666666666666,0.75,0.0,0.0,0.0
125500,0.17647058823529413,0.25,0.15957432191399445,0.17822691302134874,1.0,1.0,0.0,0.3333333333333333,1.0,0.5,0.5,0.0,0.6000000000000001,1.0,0.5,0.16666666666666666,0.3333333333333333,0.875,0.6518518518518519,0.05,0.5,0.0,0.9,0.9,0.25,0.0,0.3333333333333333,0.3333333333333333,0.25,0.5,0.75,0.25,0.5,0.3359232175502742,0.6666666666666666,0.0,0.026113013698630137,0.2572721396250808,1.0,0.75,1.0,1.0,0.2842310426641812,0.1969196919691969,0.0,0.36831431434576567,0.5,0.0,0.3333333333333333,0.0,0.375,0.3333333333333333,0.6666666666666666,0.36363636363636365,1.0,0.0,0.75,0.4,0.822429906542056,0.3333333333333333,0.25,0.1923076923076923,0.75,1.0,0.0,0.0,0.17550274223034734,0.0,0.0,0.0,0.0,0.0,0.36363636363636365,1.0,0.6666666666666666,0.75,0.0,0.0,0.0
93500,0.0,0.75,0.41154510490988083,0.5778693077100092,1.0,1.0,0.0,0.3333333333333333,1.0,0.5,0.5,0.3684210526315789,0.6000000000000001,1.0,0.5,0.8333333333333333,0.4444444444444445,0.5,0.11851851851851852,0.25,0.5,0.0,0.5,0.6000000000000001,0.25,0.0,0.3333333333333333,1.0,1.0,0.75,0.75,0.5,0.5,0.09689213893967093,0.6666666666666666,0.0,0.3261986301369863,0.3148028442146089,1.0,0.5,1.0,1.0,0.40498107803687633,0.0,0.0,0.2715942295402147,0.0,0.0,0.3333333333333333,0.0,0.375,0.3333333333333333,0.3333333333333333,0.18181818181818188,1.0,0.0,0.5,0.0,0.128971962616822,0.0,0.0,0.0,0.0,0.0,1.0,0.0,0.051188299817184646,0.0,0.0,0.0,0.0,0.0,0.7272727272727273,0.25,0.3333333333333333,0.0,0.0,0.0,1.0
170000,0.17647058823529413,0.75,0.3844816966931084,0.5826895683227731,1.0,0.0,0.0,0.3333333333333333,1.0,0.5,0.5,0.05263157894736842,0.6000000000000001,1.0,0.5,0.16666666666666666,0.4444444444444445,0.875,0.5185185185185185,0.2833333333333333,0.5,0.0,0.2,0.2,0.25,0.0,0.3333333333333333,1.0,0.5,0.25,0.75,0.25,0.6666666666666666,0.2861060329067642,0.6666666666666666,0.0,0.07277397260273973,0.2572721396250808,1.0,0.75,1.0,1.0,0.4755905754575189,0.20352035203520352,0.0,0.5048027089969325,0.0,0.5,0.6666666666666666,0.0,0.375,0.3333333333333333,0.6666666666666666,0.36363636363636365,0.3333333333333333,0.3333333333333333,0.5,0.8,0.5233644859813084,0.3333333333333333,0.5,0.453525641025641,0.75,1.0,1.0,0.592391304347826,0.038391224862888484,0.0,0.0,0.0,0.0,0.03225806451612903,0.2727272727272727,0.0,0.6666666666666666,0.75,0.0,0.0,0.0
147000,0.0,0.75,0.4856136113367493,0.46683288832508474,1.0,1.0,0.0,0.3333333333333333,1.0,0.0,0.5,0.2631578947368421,0.6000000000000001,1.0,0.5,0.8333333333333333,0.4444444444444445,0.875,0.31851851851851853,0.0,0.5,0.0,0.9,0.9,0.5,0.1875,0.3333333333333333,1.0,0.5,0.5,0.75,0.25,0.6666666666666666,0.2719378427787934,0.6666666666666666,0.0,0.13570205479452055,0.29476405946994183,1.0,1.0,1.0,1.0,0.36562819612612474,0.0,0.0,0.23408109902948082,0.5,0.0,0.3333333333333333,0.0,0.25,0.3333333333333333,0.6666666666666666,0.18181818181818188,1.0,0.0,0.75,0.4,0.14953271028037382,0.3333333333333333,0.5,0.4615384615384615,0.75,1.0,1.0,0.0,0.43875685557586835,0.0,0.0,0.0,0.0,0.0,0.9999999999999999,0.5,0.6666666666666666,0.75,0.0,0.0,0.0
120000,0.17647058823529413,0.25,0.2833497820494679,0.236386812684934,1.0,1.0,0.0,0.3333333333333333,1.0,0.5,0.5,0.05263157894736842,0.6000000000000001,1.0,0.5,0.16666666666666666,0.2222222222222222,0.75,0.43703703703703706,0.08333333333333333,0.5,0.0,0.4,0.30000000000000004,0.25,0.0,0.3333333333333333,0.3333333333333333,0.5,0.5,0.75,0.25,0.6666666666666666,0.15127970749542963,0.6666666666666666,0.0,0.13613013698630136,0.20976082740788624,1.0,1.0,1.0,1.0,0.18910986574516642,0.2772277227722772,0.0,0.3824702430515603,0.0,0.0,0.3333333333333333,0.5,0.25,0.3333333333333333,0.3333333333333333,0.2727272727272727,1.0,0.0,0.5,0.4,0.24299065420560745,0.3333333333333333,0.25,0.24679487179487178,0.75,1.0,1.0,0.0,0.3217550274223035,0.0,0.0,0.0,0.0,0.0,0.4545454545454545,0.25,0.6666666666666666,0.75,0.0,0.0,0.0
158000,0.3529411764705882,0.75,0.5776838802086337,0.49774991449049644,1.0,1.0,0.0,0.3333333333333333,1.0,0.5,0.5,0.2631578947368421,0.6000000000000001,1.0,0.5,0.5,0.5555555555555556,0.75,0.31851851851851853,0.26666666666666666,1.0,0.0,0.5,0.6000000000000001,0.5,0.0675,0.3333333333333333,1.0,0.5,0.75,0.75,1.0,0.3333333333333333,0.12340036563071298,1.0,0.39348710990502034,0.1934931506849315,0.42081447963800905,1.0,1.0,1.0,1.0,0.5786433788124996,0.0,0.0,0.43713779934953534,0.0,0.5,0.6666666666666666,0.0,0.375,0.3333333333333333,0.6666666666666666,0.36363636363636365,0.3333333333333333,0.0,0.75,0.8,0.40186915887850466,0.6666666666666666,0.25,0.24759615384615383,0.75,1.0,1.0,0.452445652173913,0.0,0.0,0.0,0.0,0.0,0.0,0.8181818181818182,0.25,0.3333333333333333,0.75,0.0,0.0,0.0
268000,0.2352941176470588,0.75,0.3844819395240602,0.7073982588054015,1.0,1.0,0.6666666666666666,0.3333333333333333,1.0,0.75,0.5,0.9473684210526315,0.6000000000000001,1.0,0.5,1.0,0.6666666666666665,0.5,0.10370370370370371,0.1,0.5,0.0,0.5,0.6000000000000001,0.25,0.0,0.6666666666666666,1.0,1.0,0.75,0.75,0.25,1.0,0.3327239488117002,0.6666666666666666,0.0,0.15710616438356165,0.35391079508726564,1.0,1.0,1.0,1.0,0.5126342580886925,0.621012101210121,0.0,0.76043401118732,0.5,0.0,0.6666666666666666,0.5,0.5,0.3333333333333333,0.6666666666666666,0.5454545454545455,1.0,0.3333333333333333,0.5,0.8,0.1308411214953271,0.6666666666666666,0.5,0.47275641025641024,0.75,1.0,1.0,0.0,0.07312614259597806,0.0,0.0,0.0,0.0,0.0,0.5454545454545454,0.0,0.6666666666666666,0.75,0.0,0.0,0.0
137000,0.38235294117647056,0.75,0.5008115438667311,0.45800128405952734,1.0,1.0,0.6666666666666666,0.3333333333333333,1.0,0.5,0.5,0.21052631578947367,0.6000000000000001,1.0,0.5,0.3333333333333333,0.4444444444444445,0.625,0.2,0.45,1.0,0.0,0.5,0.6000000000000001,0.25,0.0,0.3333333333333333,1.0,0.5,0.5,0.75,0.75,0.6666666666666666,0.3071297989031079,0.6666666666666666,0.0,0.07191780821917808,0.27149321266968324,1.0,0.5,1.0,1.0,0.3305017381422206,0.0,0.0,0.2005968066790893,0.5,0.0,0.3333333333333333,0.0,0.25,0.3333333333333333,0.3333333333333333,0.09090909090909094,1.0,0.0,0.75,0.4,0.12149532710280372,0.3333333333333333,0.5,0.4230769230769231,0.75,1.0,1.0,0.0,0.0,0.0,0.0,0.0,0.0,0.0,0.5454545454545454,0.75,0.6666666666666666,0.75,0.0,0.0,0.0
215000,0.0,0.75,0.3844819395240602,0.8214295316814777,1.0,1.0,0.3333333333333333,0.6666666666666666,1.0,0.5,0.5,0.47368421052631576,0.6000000000000001,1.0,0.5,0.8333333333333333,0.6666666666666665,0.5,0.06666666666666667,0.15,0.5,0.0,0.9,0.9,0.25,0.0,0.6666666666666666,1.0,1.0,0.75,0.75,1.0,1.0,0.6595063985374772,0.6666666666666666,0.0,0.016695205479452052,0.4789915966386554,1.0,1.0,1.0,1.0,0.6609468443081945,0.0,0.0,0.5155935691106364,0.5,0.0,0.6666666666666666,0.0,0.375,0.3333333333333333,0.6666666666666666,0.18181818181818188,1.0,0.3333333333333333,0.25,0.8,0.08411214953271028,0.6666666666666666,0.5,0.41185897435897434,0.75,1.0,1.0,0.5461956521739131,0.04570383912248629,0.0,0.0,0.0,0.0,0.0,0.6363636363636364,0.25,0.6666666666666666,0.75,0.0,0.0,0.0
132500,0.0,0.75,0.46998751218023505,0.4007751589225821,1.0,1.0,0.0,0.3333333333333333,1.0,0.5,0.5,0.2631578947368421,0.6000000000000001,1.0,0.5,0.8333333333333333,0.4444444444444445,0.5,0.3703703703703704,0.8333333333333334,1.0,0.0,0.8,0.5,0.25,0.0,0.3333333333333333,1.0,0.5,0.5,0.75,0.25,0.5,0.5246800731261426,0.6666666666666666,0.0,0.0,0.37104072398190047,1.0,0.5,1.0,1.0,0.503325581696751,0.0,0.0,0.36534111723126417,0.5,0.0,0.3333333333333333,0.0,0.375,0.3333333333333333,0.3333333333333333,0.2727272727272727,1.0,0.0,0.5,0.8,0.46728971962616817,0.3333333333333333,0.25,0.5384615384615384,0.75,1.0,1.0,0.0,0.0,0.0,0.0,0.0,0.0,0.0,0.5454545454545454,0.75,0.6666666666666666,0.75,0.0,0.0,0.0
169000,0.2352941176470588,0.75,0.3844819395240602,0.7668093212834419,1.0,1.0,1.0,0.3333333333333333,1.0,0.0,0.5,0.5789473684210527,0.2,1.0,0.5,1.0,0.4444444444444445,0.625,0.42962962962962964,0.9333333333333333,0.5,0.0,0.7000000000000001,0.5,0.25,0.0,0.3333333333333333,1.0,0.0,0.0,0.25,0.0,0.0,0.0,0.0,0.0,0.0,0.0,1.0,0.75,1.0,1.0,0.6818048821125244,0.396039603960396,0.10037878787878789,0.7666134543154972,0.0,0.0,0.6666666666666666,0.0,0.25,0.3333333333333333,0.3333333333333333,0.36363636363636365,1.0,0.3333333333333333,0.5,0.8,0.2523364485981308,0.3333333333333333,0.5,0.5384615384615384,0.75,1.0,0.5,0.16304347826086957,0.263254113345521,0.0,0.0,0.0,0.0,0.0,0.36363636363636365,0.0,0.6666666666666666,0.75,0.0,1.0,0.0
145000,0.3529411764705882,0.75,0.3844819395240602,0.5516649281904291,1.0,1.0,0.6666666666666666,0.3333333333333333,1.0,0.75,0.5,0.21052631578947367,0.6000000000000001,1.0,0.5,0.5,0.3333333333333333,1.0,0.3037037037037037,0.08333333333333333,0.5,0.0,0.9,0.9,0.25,0.0,0.3333333333333333,0.3333333333333333,0.5,0.5,1.0,0.75,1.0,0.2961608775137112,0.6666666666666666,0.0,0.0,0.2094376212023271,1.0,1.0,1.0,1.0,0.3963184598191787,0.0,0.0,0.26333658964227435,0.5,0.5,0.0,0.0,0.0,0.3333333333333333,0.3333333333333333,0.0,1.0,0.0,0.5,0.8,0.38317757009345793,0.3333333333333333,0.25,0.29166666666666663,0.75,1.0,1.0,0.11956521739130435,0.0,0.0,0.0,0.0,0.0,0.0,0.36363636363636365,0.0,0.6666666666666666,0.75,0.0,0.0,0.0
285000,0.0,0.75,0.6093890714722223,0.6066356692230332,1.0,1.0,0.6666666666666666,0.3333333333333333,1.0,0.0,0.5,0.6842105263157894,0.6000000000000001,1.0,0.5,0.8333333333333333,0.8888888888888888,0.5,0.037037037037037035,0.08333333333333333,1.0,0.0,0.9,0.9,1.0,0.134375,0.6666666666666666,1.0,1.0,0.75,0.75,0.75,1.0,0.48400365630712977,0.6666666666666666,0.0,0.242722602739726,0.5255332902391726,1.0,1.0,1.0,1.0,0.7268636795910131,0.0,0.0,0.5784287853579992,0.5,0.0,0.6666666666666666,0.0,0.375,0.3333333333333333,0.6666666666666666,0.36363636363636365,1.0,0.3333333333333333,0.5,0.8,0.04672897196261682,1.0,0.75,0.5625,0.75,1.0,1.0,0.3491847826086956,0.08226691042047532,0.0,0.0,0.0,0.0,0.0,0.5454545454545454,0.25,0.6666666666666666,0.75,0.0,0.0,0.0
105000,0.17647058823529413,0.75,0.3844816966931084,0.5610205565768016,1.0,0.0,0.0,0.3333333333333333,1.0,0.0,0.5,0.05263157894736842,0.0,1.0,0.5,0.16666666666666666,0.2222222222222222,0.375,0.674074074074074,0.9333333333333333,0.5,0.0,0.2,0.2,0.25,0.0,0.3333333333333333,1.0,1.0,0.5,0.75,0.25,0.8333333333333333,0.0,0.6666666666666666,0.0,0.2876712328767123,0.2171945701357466,1.0,0.5,1.0,1.0,0.20218385198639854,0.28602860286028603,0.0,0.39722372952204,0.0,0.0,0.3333333333333333,0.0,0.375,0.3333333333333333,0.3333333333333333,0.2727272727272727,1.0,0.0,0.75,0.4,0.07476635514018691,0.3333333333333333,0.75,0.75,0.75,1.0,1.0,0.2934782608695652,0.0,0.4145077720207254,0.0,0.0,0.0,0.0,0.0,0.0,0.6666666666666666,0.5,0.0,0.0,0.0
264561,0.588235294117647,0.75,0.3156709532065991,-0.00515586257606504,1.0,1.0,0.0,0.3333333333333333,1.0,0.5,0.5,0.42105263157894735,0.6000000000000001,1.0,0.75,0.8333333333333333,0.7777777777777777,0.5,0.0,0.0,1.0,0.0,0.9,0.9,0.25,0.0,0.6666666666666666,1.0,1.0,0.75,1.0,0.75,1.0,0.5274223034734917,0.6666666666666666,0.0,0.1566780821917808,0.491273432449903,1.0,1.0,1.0,1.0,0.6894906520706958,0.0,0.0,0.5428029508351178,0.5,0.0,0.6666666666666666,0.0,0.125,0.3333333333333333,1.0,0.36363636363636365,1.0,0.3333333333333333,0.75,0.8,0.0,1.0,0.75,0.5192307692307692,0.75,1.0,1.0,0.42391304347826086,0.0,0.0,0.0,0.0,0.0,0.0,0.8181818181818182,0.0,1.0,1.0,0.0,0.0,0.0
232000,0.0,0.75,0.5082571568285814,0.6426492308451381,1.0,1.0,0.6666666666666666,0.3333333333333333,1.0,0.5,0.5,0.8421052631578947,0.8,1.0,0.5,0.8333333333333333,0.7777777777777777,0.5,0.014814814814814815,0.03333333333333333,0.5,0.0,0.9,0.9,0.5,0.033125,0.6666666666666666,1.0,1.0,0.75,0.75,0.25,1.0,0.010968921389396709,0.6666666666666666,0.0,0.663527397260274,0.5087265675500969,1.0,1.0,1.0,1.0,0.692157515924364,0.0,0.0,0.5453451385209873,0.0,0.0,0.6666666666666666,0.0,0.375,0.3333333333333333,0.6666666666666666,0.36363636363636365,1.0,0.3333333333333333,0.75,0.8,0.018691588785046728,0.6666666666666666,0.75,0.6602564102564102,0.75,1.0,1.0,0.19565217391304346,0.19012797074954296,0.0,0.0,0.0,0.0,0.0,0.5454545454545454,0.5,0.6666666666666666,0.75,0.0,0.0,0.0
157000,0.0,0.75,0.5440560186071031,0.537346891781044,1.0,1.0,0.0,0.3333333333333333,1.0,0.5,0.5,0.5263157894736842,0.6000000000000001,1.0,0.5,0.8333333333333333,0.4444444444444445,0.625,0.25925925925925924,0.13333333333333333,0.5,0.0,0.5,0.6000000000000001,0.25,0.0,0.3333333333333333,1.0,0.5,0.75,0.75,0.25,0.5,0.4954296160877514,0.6666666666666666,0.0,0.039383561643835614,0.38009049773755654,1.0,0.75,1.0,1.0,0.518760546736655,0.0,0.0,0.3800544960197265,0.0,0.5,0.3333333333333333,0.5,0.375,0.3333333333333333,0.6666666666666666,0.18181818181818188,1.0,0.3333333333333333,0.25,0.8,0.32710280373831774,0.3333333333333333,0.5,0.3517628205128205,0.75,1.0,1.0,0.30434782608695654,0.0,0.0,0.0,0.0,0.0,0.0,0.9090909090909091,0.5,0.6666666666666666,0.75,0.0,0.0,0.0
141000,0.0,0.75,0.41154510490988083,0.36785496488568636,1.0,1.0,0.0,0.3333333333333333,1.0,0.5,0.5,0.47368421052631576,0.6000000000000001,1.0,0.5,0.8333333333333333,0.6666666666666665,0.5,0.02962962962962963,0.05,0.5,0.0,0.9,0.9,0.5,0.075,0.3333333333333333,1.0,1.0,0.75,0.75,0.25,1.0,0.31078610603290674,0.6666666666666666,0.0,0.17123287671232876,0.34906270200387846,1.0,1.0,1.0,1.0,0.4667914615248372,0.0,0.0,0.33051497104933825,0.5,0.0,0.3333333333333333,0.0,0.375,0.3333333333333333,0.6666666666666666,0.2727272727272727,1.0,0.0,0.75,0.0,0.13831775700934537,0.0,0.0,0.0,0.0,0.0,1.0,0.0,0.0,0.0,0.0,0.0,0.0,0.0,0.2727272727272727,0.5,0.6666666666666666,0.75,0.0,0.0,1.0
37900,0.17647058823529413,0.25,0.2833497820494679,0.22897584676666316,1.0,1.0,0.0,0.3333333333333333,1.0,0.5,0.5,0.05263157894736842,0.6000000000000001,1.0,0.5,0.16666666666666666,0.2222222222222222,0.625,0.7333333333333334,0.9833333333333333,0.5,0.0,0.9,0.9,0.25,0.0,0.3333333333333333,1.0,0.25,0.5,0.75,0.25,0.8333333333333333,0.0,0.6666666666666666,0.0,0.2568493150684931,0.19392372333548805,0.0,0.25,0.0,1.0,0.11510167523798387,0.20242024202420242,0.0,0.26806987009816297,0.0,0.0,0.3333333333333333,0.0,0.25,0.3333333333333333,0.3333333333333333,0.2727272727272727,1.0,0.0,0.5,0.0,0.14766355140186874,0.0,0.0,0.0,0.0,0.0,1.0,0.0,0.0,0.0,0.0,0.0,0.0,0.0,0.36363636363636365,0.75,0.6666666666666666,0.0,0.0,0.0,1.0
122000,0.2941176470588235,0.25,0.2833497820494679,0.15771492032798307,1.0,0.5,0.0,0.3333333333333333,1.0,0.5,0.5,0.05263157894736842,0.6000000000000001,1.0,0.5,1.0,0.7777777777777777,0.5,1.0074074074074075,0.35,0.5,0.0,0.4,0.30000000000000004,0.25,0.0,0.3333333333333333,0.3333333333333333,0.25,0.5,0.5,0.25,0.3333333333333333,0.1183729433272395,0.6666666666666666,0.0,0.1819349315068493,0.22107304460245636,0.0,0.25,0.0,1.0,0.38244719873302513,0.6683168316831682,0.38825757575757575,0.7758798260768818,0.0,0.0,0.6666666666666666,0.0,0.5,0.3333333333333333,0.3333333333333333,0.4545454545454546,1.0,0.0,0.75,0.0,0.13831775700934537,0.0,0.0,0.0,0.0,0.0,1.0,0.0,0.09872029250457039,0.05181347150259068,0.0,0.0,0.0,0.0,0.9999999999999999,0.5,0.6666666666666666,0.75,0.0,0.0,1.0
159000,0.0,0.75,0.4373492848057643,0.722606990856292,1.0,1.0,0.0,0.3333333333333333,1.0,0.5,0.5,0.47368421052631576,0.4,1.0,0.5,0.8333333333333333,0.4444444444444445,0.5,0.02962962962962963,0.06666666666666667,0.5,0.0,0.9,0.9,0.25,0.0,0.3333333333333333,1.0,1.0,0.5,0.75,0.25,1.0,0.2952468007312614,0.6666666666666666,0.0,0.20034246575342465,0.36005171299288946,1.0,1.0,1.0,1.0,0.48533732614784997,0.0,0.0,0.34819381453570086,0.5,0.0,0.3333333333333333,0.5,0.375,0.3333333333333333,0.6666666666666666,0.2727272727272727,1.0,0.0,0.75,0.4,0.037383177570093455,0.3333333333333333,0.5,0.4615384615384615,0.75,1.0,1.0,0.0,0.18647166361974407,0.0,0.0,0.0,0.0,0.0,0.4545454545454545,0.5,0.6666666666666666,0.75,0.0,0.0,0.0
190000,0.4117647058823529,0.75,0.3844819395240602,0.9120832472880886,1.0,1.0,0.6666666666666666,0.3333333333333333,1.0,0.5,0.5,0.21052631578947367,0.2,0.0,0.25,0.16666666666666666,0.4444444444444445,0.5,0.22222222222222224,0.5,0.0,0.0,0.7000000000000001,0.5,0.25,0.000625,0.3333333333333333,1.0,0.5,0.75,0.75,0.25,1.0,0.22760511882998172,0.3333333333333333,0.14314789687924015,0.2791095890410959,0.4398836457659987,1.0,1.0,1.0,1.0,0.6051602294699623,0.6925192519251925,0.0,0.83597293597732,0.0,0.0,0.6666666666666666,1.0,0.5,0.6666666666666666,0.3333333333333333,0.8181818181818181,1.0,0.3333333333333333,0.5,1.0,0.2803738317757009,0.6666666666666666,0.5,0.4807692307692307,0.75,1.0,0.0,0.2105978260869565,0.043875685557586835,0.3756476683937824,0.0,0.0,0.0,0.535483870967742,0.6363636363636364,0.25,0.6666666666666666,0.75,0.0,0.0,0.0
109900,0.05882352941176469,0.25,0.15957432191399445,0.10491866048418252,1.0,1.0,0.0,0.3333333333333333,1.0,0.5,0.5,0.0,0.6000000000000001,1.0,0.5,0.8333333333333333,0.3333333333333333,0.75,0.674074074074074,0.2833333333333333,0.5,0.0,0.4,0.30000000000000004,0.25,0.0,0.3333333333333333,1.0,0.5,0.5,0.75,0.25,0.3333333333333333,0.090036563071298,0.6666666666666666,0.0,0.4276541095890411,0.3865546218487395,1.0,1.0,1.0,0.6666666666666666,0.5278339483737802,0.0,0.0,0.3887037151687003,0.5,0.0,0.3333333333333333,0.0,0.25,0.3333333333333333,0.3333333333333333,0.18181818181818188,1.0,0.0,0.75,0.4,0.46728971962616817,0.3333333333333333,0.5,0.35256410256410253,0.75,1.0,1.0,0.0,0.0,0.0,0.0,0.0,0.0,0.0,0.5454545454545454,0.25,0.6666666666666666,0.75,0.0,0.0,0.0
124000,0.0,0.75,0.3844816966931084,0.43672455766245655,1.0,1.0,0.0,1.0,1.0,0.5,1.0,0.6842105263157894,0.6000000000000001,1.0,0.5,0.8333333333333333,0.4444444444444445,0.5,0.22962962962962963,0.5166666666666666,0.5,0.0,0.5,0.6000000000000001,0.5,0.085,0.3333333333333333,1.0,0.5,0.75,0.75,0.25,0.16666666666666666,0.28153564899451555,0.6666666666666666,0.0,0.1815068493150685,0.3361344537815126,1.0,0.5,1.0,1.0,0.44421033018036615,0.0,0.0,0.3089895099884101,0.0,0.0,0.6666666666666666,0.0,0.375,0.3333333333333333,0.3333333333333333,0.18181818181818188,1.0,0.0,0.75,0.0,0.14766355140186874,0.0,0.0,0.0,0.0,0.0,1.0,0.0,0.0,0.0,0.0,0.0,0.0,0.0,0.6363636363636364,0.75,0.6666666666666666,0.75,0.0,0.0,1.0
215000,0.2352941176470588,0.75,0.3751589589715414,0.6346622935965955,1.0,1.0,0.6666666666666666,0.3333333333333333,1.0,0.5,0.5,0.5789473684210527,0.6000000000000001,1.0,0.5,1.0,0.6666666666666665,0.5,0.022222222222222223,0.03333333333333333,0.5,0.0,0.9,0.9,0.25,0.0,0.6666666666666666,1.0,1.0,0.75,0.75,0.75,0.8333333333333333,0.0,0.6666666666666666,0.0,0.36258561643835613,0.27375565610859726,1.0,1.0,1.0,1.0,0.3213881740943374,0.6116611661166116,0.0,0.6701472335435938,0.0,0.0,0.6666666666666666,0.5,0.5,0.3333333333333333,0.6666666666666666,0.4545454545454546,1.0,0.3333333333333333,0.75,1.0,0.02803738317757009,1.0,0.5,0.34775641025641024,0.75,1.0,1.0,0.1358695652173913,0.08775137111517367,0.0,0.0,0.0,0.0,0.0,0.5454545454545454,0.25,0.6666666666666666,0.75,0.0,0.0,0.0
246578,0.588235294117647,0.75,0.3156709532065991,0.004092448263119053,1.0,1.0,0.0,0.3333333333333333,1.0,0.5,0.5,0.42105263157894735,0.6000000000000001,1.0,0.75,0.8333333333333333,0.6666666666666665,0.5,0.0,0.0,1.0,0.0,0.9,0.9,0.5,0.028125,0.6666666666666666,1.0,1.0,0.75,0.75,0.75,1.0,0.4890310786106033,0.6666666666666666,0.0,0.12243150684931506,0.43826761473820297,1.0,1.0,1.0,1.0,0.6633449595988297,0.0,0.0,0.5178795722572782,0.5,0.0,0.6666666666666666,0.0,0.25,0.3333333333333333,0.6666666666666666,0.2727272727272727,1.0,0.3333333333333333,0.75,0.8,0.0,1.0,0.75,0.5192307692307692,0.75,1.0,1.0,0.21875,0.03656307129798903,0.0,0.0,0.0,0.0,0.0,0.8181818181818182,0.0,1.0,1.0,0.0,0.0,0.0
169900,0.3529411764705882,0.75,0.3844819395240602,0.6606518546007543,1.0,1.0,0.6666666666666666,0.3333333333333333,1.0,0.5,0.5,0.3684210526315789,0.6000000000000001,1.0,0.5,0.5,0.5555555555555556,0.5,0.2518518518518519,0.5666666666666667,0.5,0.0,0.5,0.6000000000000001,0.5,0.209375,0.3333333333333333,1.0,0.5,0.5,0.75,0.75,1.0,0.2463436928702011,0.6666666666666666,0.0,0.20248287671232876,0.3270846800258565,1.0,0.5,1.0,1.0,0.4407484364490464,0.0,0.0,0.30568946015592724,0.5,0.0,0.3333333333333333,0.0,0.375,0.3333333333333333,0.3333333333333333,0.2727272727272727,1.0,0.0,0.75,0.8,0.3177570093457944,0.3333333333333333,0.75,0.7115384615384616,0.75,1.0,1.0,0.0,0.0,0.0,0.0,0.0,0.0,0.0,0.36363636363636365,1.0,0.6666666666666666,0.75,0.0,0.0,0.0
197000,0.2352941176470588,0.75,0.5440560186071031,0.6239774179707043,1.0,1.0,0.0,0.3333333333333333,1.0,0.5,0.5,0.5263157894736842,0.6000000000000001,1.0,0.5,0.5,0.6666666666666665,0.625,0.20740740740740743,0.4666666666666667,1.0,0.0,0.5,0.6000000000000001,0.5,0.06,0.3333333333333333,1.0,0.5,0.5,0.75,0.25,1.0,0.14396709323583182,0.3333333333333333,0.07462686567164178,0.0488013698630137,0.17420814479638008,1.0,0.5,1.0,1.0,0.44421033018036615,0.3767876787678768,0.0,0.5975937774375688,0.0,0.0,0.6666666666666666,0.5,0.375,0.3333333333333333,0.3333333333333333,0.2727272727272727,1.0,0.3333333333333333,0.5,0.8,0.2616822429906542,0.6666666666666666,0.5,0.4407051282051282,0.75,1.0,1.0,0.0,0.16087751371115175,0.5595854922279793,0.0,0.0,0.0,0.0,0.9090909090909091,0.25,0.6666666666666666,0.75,0.0,0.0,0.0
113000,1.0,0.25,0.05286758811265613,0.06110582247054985,1.0,1.0,0.0,0.3333333333333333,1.0,0.5,0.5,0.05263157894736842,0.6000000000000001,1.0,0.0,1.0,0.3333333333333333,0.5,0.6592592592592593,0.016666666666666666,0.5,0.0,0.4,0.30000000000000004,0.25,0.0,0.3333333333333333,1.0,0.25,0.5,0.75,0.25,0.8333333333333333,0.0,0.6666666666666666,0.0,0.3150684931506849,0.23787976729153198,1.0,0.75,1.0,1.0,0.2373405599242533,0.3938393839383938,0.0,0.499329741504527,0.0,0.0,0.6666666666666666,0.0,0.25,1.0,0.3333333333333333,0.4545454545454546,1.0,0.0,0.25,0.0,0.14766355140186874,0.0,0.0,0.0,0.0,0.0,0.0,0.0,0.0,0.26424870466321243,0.0,0.0,0.0,0.0,0.4545454545454545,0.75,1.0,1.0,0.0,0.0,1.0
126175,0.0,0.25,0.2721435456178931,0.21844134349288336,1.0,1.0,0.0,0.3333333333333333,1.0,0.5,0.5,0.05263157894736842,0.6000000000000001,1.0,0.5,0.8333333333333333,0.2222222222222222,0.875,0.37777777777777777,0.016666666666666666,0.5,0.0,0.9,0.9,0.25,0.0,0.3333333333333333,0.3333333333333333,0.5,0.5,0.75,0.25,0.6666666666666666,0.1170018281535649,0.6666666666666666,0.0,0.3878424657534246,0.3755656108597285,1.0,1.0,1.0,1.0,0.5110928344005203,0.0,0.0,0.3727452500479438,0.5,0.0,0.3333333333333333,0.0,0.375,0.3333333333333333,0.3333333333333333,0.2727272727272727,1.0,0.0,0.5,0.8,0.47663551401869153,0.3333333333333333,0.25,0.17628205128205127,0.5,1.0,1.0,0.19293478260869565,0.17915904936014626,0.0,0.0,0.0,0.0,0.0,0.5454545454545454,0.0,0.6666666666666666,0.75,0.0,0.0,0.0
84000,0.0,0.75,0.3844819395240602,0.6196895998890506,1.0,1.0,0.6666666666666666,0.3333333333333333,1.0,0.75,0.5,0.10526315789473684,0.6000000000000001,1.0,0.5,0.8333333333333333,0.3333333333333333,0.25,0.3851851851851852,0.8666666666666667,0.5,0.0,0.2,0.2,0.25,0.0,0.3333333333333333,0.3333333333333333,0.0,0.0,0.25,0.0,0.0,0.0,0.0,0.0,0.0,0.0,1.0,1.0,0.0,1.0,0.3199736841588723,0.0,0.0,0.1905609403352444,0.0,0.0,0.3333333333333333,0.0,0.375,0.3333333333333333,0.3333333333333333,0.18181818181818188,1.0,0.0,1.0,0.4,0.4859813084112149,0.3333333333333333,0.25,0.23237179487179485,0.75,1.0,0.0,0.25271739130434784,0.0,0.0,0.0,0.0,0.0,0.0,0.0,0.75,0.6666666666666666,0.75,0.0,1.0,0.0
136500,0.17647058823529413,0.75,0.3844816966931084,0.43462414894188495,1.0,1.0,0.0,0.0,1.0,0.5,0.5,0.3157894736842105,0.6000000000000001,1.0,0.5,0.16666666666666666,0.5555555555555556,0.5,0.6148148148148148,0.9666666666666667,0.5,0.0,0.4,0.30000000000000004,0.25,0.0,0.3333333333333333,1.0,1.0,0.5,0.75,0.25,0.16666666666666666,0.193327239488117,0.6666666666666666,0.0,0.324486301369863,0.38170652876535227,1.0,0.25,1.0,1.0,0.6177754113925,0.1672167216721672,0.0,0.587250664121981,0.0,0.0,0.6666666666666666,0.0,0.5,0.3333333333333333,0.3333333333333333,0.36363636363636365,1.0,0.3333333333333333,0.75,0.4,0.7757009345794392,0.3333333333333333,0.5,0.4615384615384615,0.75,1.0,1.0,0.46467391304347827,0.0,0.3316062176165803,0.0,0.0,0.0,0.0,0.4545454545454545,0.5,0.6666666666666666,0.75,0.0,0.0,0.0
201800,0.2352941176470588,0.75,0.3844819395240602,0.7228220534694172,1.0,1.0,0.6666666666666666,0.3333333333333333,1.0,0.5,0.5,0.2631578947368421,0.6000000000000001,1.0,0.5,1.0,0.6666666666666665,0.625,0.31851851851851853,0.3333333333333333,0.5,0.0,0.9,0.9,1.0,0.18,0.3333333333333333,1.0,0.5,0.5,0.75,1.0,0.6666666666666666,0.20749542961608775,0.6666666666666666,0.0,0.17551369863013697,0.2792501616031028,1.0,0.5,1.0,1.0,0.3590313380759764,0.504950495049505,0.0,0.6281703040122282,0.0,0.0,0.3333333333333333,1.0,0.5,0.3333333333333333,0.6666666666666666,0.4545454545454546,1.0,0.6666666666666666,0.75,0.8,0.40186915887850466,0.3333333333333333,0.5,0.3942307692307692,0.75,1.0,1.0,0.08152173913043478,0.15356489945155394,0.0,0.0,0.56875,0.0,0.0,0.36363636363636365,0.5,0.6666666666666666,0.75,0.0,0.0,0.0
100000,0.05882352941176469,0.75,0.3844819395240602,0.36359763909547027,1.0,1.0,0.0,0.3333333333333333,1.0,0.0,0.5,0.15789473684210525,0.2,1.0,0.5,0.8333333333333333,0.3333333333333333,0.5,0.4814814814814815,0.9333333333333333,0.5,0.0,0.30000000000000004,0.1,0.25,0.0,0.3333333333333333,1.0,0.5,0.5,0.75,0.25,0.16666666666666666,0.12157221206581353,0.6666666666666666,0.0,0.22345890410958902,0.2546864899806076,1.0,0.5,1.0,0.6666666666666666,0.2781872643669172,0.0,0.0,0.1507280400971629,0.0,0.0,0.3333333333333333,0.0,0.25,0.3333333333333333,0.3333333333333333,0.09090909090909094,1.0,0.6666666666666666,0.5,0.0,0.11962616822429863,0.0,0.0,0.0,0.0,0.0,1.0,0.0,0.0,0.0,0.0,0.0,0.0,0.0,0.2727272727272727,0.0,0.6666666666666666,0.0,0.0,0.0,1.0
283463,0.0,0.75,0.6275772529534855,0.7881303406700608,1.0,1.0,0.6666666666666666,1.0,1.0,0.0,0.5,0.7894736842105263,0.6000000000000001,1.0,0.5,0.8333333333333333,0.7777777777777777,0.5,0.007407407407407408,0.0,0.5,0.0,0.9,0.9,1.0,0.0625,0.6666666666666666,1.0,1.0,1.0,0.75,1.0,1.0,0.03656307129798903,0.6666666666666666,0.0,0.7071917808219178,0.5597931480284422,1.0,1.0,1.0,1.0,0.7644018459477384,0.0,0.0,0.6142120384591849,0.5,0.0,0.6666666666666666,0.0,0.375,0.3333333333333333,0.6666666666666666,0.36363636363636365,1.0,0.3333333333333333,0.75,0.8,0.009345794392523364,1.0,0.75,0.5705128205128205,0.75,1.0,1.0,0.0,0.0,0.0,0.0,0.0,0.0,0.0,0.36363636363636365,0.25,1.0,1.0,0.0,0.0,0.0
87500,0.4117647058823529,0.75,0.3844819395240602,0.4446385094013561,1.0,1.0,0.0,0.3333333333333333,1.0,0.5,0.5,0.2631578947368421,0.6000000000000001,1.0,0.25,0.8333333333333333,0.2222222222222222,0.375,0.4222222222222222,0.9333333333333333,0.5,0.0,0.6000000000000001,0.4,0.5,0.2125,0.3333333333333333,1.0,0.0,0.0,0.25,0.0,0.0,0.0,0.0,0.0,0.0,0.0,0.0,0.25,0.0,0.6666666666666666,0.44421033018036615,0.0,0.0,0.3089895099884101,0.0,0.0,0.6666666666666666,0.0,0.25,0.6666666666666666,0.3333333333333333,0.2727272727272727,1.0,0.0,0.25,0.4,0.5327102803738317,0.3333333333333333,0.5,0.3205128205128205,0.75,1.0,1.0,0.0,0.0,0.0,0.0,0.0,0.0,0.0,0.36363636363636365,0.0,0.6666666666666666,0.75,0.0,1.0,0.0
192000,0.2352941176470588,0.75,0.3751589589715414,0.47801530325509134,1.0,1.0,0.6666666666666666,0.3333333333333333,1.0,0.5,0.5,0.5789473684210527,0.6000000000000001,1.0,0.5,1.0,0.5555555555555556,0.5,0.07407407407407407,0.16666666666666666,0.5,0.0,0.9,0.9,0.25,0.0,0.3333333333333333,1.0,1.0,0.75,0.75,1.0,1.0,0.37842778793418647,0.6666666666666666,0.0,0.049229452054794516,0.30478345184227534,1.0,0.75,1.0,1.0,0.38562811512469386,0.38228822882288227,0.0,0.5680771941117899,0.5,0.0,0.6666666666666666,0.5,0.375,0.3333333333333333,0.3333333333333333,0.36363636363636365,1.0,0.6666666666666666,0.5,0.8,0.09345794392523364,1.0,0.5,0.3782051282051282,0.75,1.0,1.0,0.1358695652173913,0.06946983546617916,0.0,0.0,0.0,0.0,0.0,0.5454545454545454,0.5,0.6666666666666666,0.75,0.0,0.0,0.0
215000,0.2352941176470588,0.75,0.47785558505369585,0.6549371324812663,1.0,1.0,0.6666666666666666,0.3333333333333333,1.0,0.75,0.5,0.3684210526315789,0.6000000000000001,1.0,0.5,1.0,0.5555555555555556,0.5,0.05925925925925926,0.11666666666666667,0.5,0.0,0.9,0.9,0.25,0.0,0.3333333333333333,1.0,1.0,1.0,0.75,0.25,0.6666666666666666,0.3153564899451554,0.6666666666666666,0.0,0.0488013698630137,0.25985778926955394,1.0,1.0,1.0,1.0,0.290214382166067,0.6364136413641364,0.0,0.6707292305548669,0.5,0.0,0.6666666666666666,0.5,0.375,0.3333333333333333,0.6666666666666666,0.36363636363636365,1.0,0.3333333333333333,0.5,1.0,0.07476635514018691,1.0,0.5,0.4487179487179487,0.75,1.0,1.0,0.16983695652173914,0.3510054844606947,0.0,0.0,0.0,0.0,0.0,0.4545454545454545,0.75,0.6666666666666666,0.75,0.0,0.0,0.0
245350,0.0,0.75,0.42028055847163004,0.5646878570398854,1.0,1.0,0.6666666666666666,0.3333333333333333,1.0,0.0,0.5,0.6842105263157894,0.6000000000000001,1.0,0.5,0.8333333333333333,0.7777777777777777,0.5,0.014814814814814815,0.03333333333333333,0.5,0.0,0.9,0.9,1.0,0.045,0.6666666666666666,1.0,1.0,0.75,0.75,0.75,0.8333333333333333,0.0,0.6666666666666666,0.0,0.7251712328767123,0.5475113122171945,1.0,1.0,1.0,1.0,0.7361182085653568,0.0,0.0,0.587250664121981,0.0,0.0,0.6666666666666666,0.0,0.375,0.3333333333333333,0.6666666666666666,0.36363636363636365,1.0,0.0,0.5,0.8,0.018691588785046728,0.6666666666666666,0.75,0.6217948717948718,0.75,1.0,1.0,0.21739130434782608,0.0603290676416819,0.0,0.0,0.0,0.0,0.0,0.09090909090909091,1.0,0.6666666666666666,0.75,0.0,0.0,0.0
150500,0.0,0.75,0.39365033250032666,0.4620320684620758,1.0,1.0,0.6666666666666666,0.3333333333333333,1.0,0.5,0.5,0.6842105263157894,0.6000000000000001,1.0,0.5,0.8333333333333333,0.4444444444444445,0.75,0.23703703703703705,0.016666666666666666,0.5,0.0,0.5,0.6000000000000001,0.25,0.0,0.3333333333333333,1.0,0.5,0.75,0.75,0.5,0.3333333333333333,0.24314442413162707,0.3333333333333333,0.09769335142469471,0.15582191780821916,0.3361344537815126,1.0,0.5,1.0,1.0,0.44421033018036615,0.0,0.0,0.3089895099884101,0.0,0.0,0.6666666666666666,0.0,0.375,0.3333333333333333,0.6666666666666666,0.18181818181818188,1.0,0.0,0.75,0.4,0.29906542056074764,0.3333333333333333,0.5,0.38782051282051283,0.75,1.0,1.0,0.0,0.0,0.0,0.0,0.6,0.0,0.0,0.7272727272727273,0.75,0.6666666666666666,0.75,0.0,0.0,0.0
152000,0.0,0.75,0.5440560186071031,0.5604543248925529,1.0,1.0,0.0,0.3333333333333333,1.0,0.5,0.5,0.5263157894736842,0.6000000000000001,1.0,0.5,0.8333333333333333,0.6666666666666665,0.5,0.24444444444444446,0.55,0.5,0.0,0.5,0.6000000000000001,0.5,0.11812500000000001,0.3333333333333333,1.0,0.5,0.75,0.75,0.25,0.8333333333333333,0.0,0.6666666666666666,0.0,0.46660958904109584,0.3522947640594699,1.0,0.5,1.0,1.0,0.6091038253473449,0.0,0.0,0.46617421678062376,0.0,0.0,0.6666666666666666,0.0,0.375,0.3333333333333333,0.3333333333333333,0.2727272727272727,1.0,0.3333333333333333,0.5,0.8,0.308411214953271,0.6666666666666666,0.5,0.38381410256410253,0.75,1.0,1.0,0.0,0.0,0.0,0.0,0.0,0.0,0.0,0.4545454545454545,0.75,0.6666666666666666,0.5,0.0,0.0,0.0
112000,0.17647058823529413,0.75,0.46998751218023505,0.6332120737376616,1.0,1.0,0.0,0.3333333333333333,1.0,0.5,0.5,0.10526315789473684,0.6000000000000001,1.0,0.5,1.0,0.3333333333333333,0.75,0.7185185185185186,0.11666666666666667,0.5,0.0,0.4,0.6000000000000001,0.25,0.0,0.3333333333333333,1.0,0.5,0.25,0.75,0.25,0.8333333333333333,0.0,0.6666666666666666,0.0,0.23972602739726026,0.18099547511312217,1.0,0.75,0.0,1.0,0.2842310426641812,0.3025302530253025,0.0,0.456094007045063,0.0,0.0,0.3333333333333333,0.5,0.25,0.3333333333333333,0.3333333333333333,0.2727272727272727,0.6666666666666666,0.0,0.75,0.4,0.5327102803738317,0.3333333333333333,0.25,0.3076923076923077,0.5,1.0,1.0,0.22826086956521738,0.043875685557586835,0.0,0.0,0.0,0.0,0.0,0.36363636363636365,0.25,0.6666666666666666,0.75,0.0,0.0,0.0
190000,0.2352941176470588,0.75,0.705361043445069,0.5482046753576437,1.0,1.0,0.6666666666666666,0.3333333333333333,1.0,0.5,0.5,0.9473684210526315,0.6000000000000001,1.0,0.5,1.0,0.6666666666666665,0.5,0.13333333333333333,0.3,0.5,0.0,0.5,0.6000000000000001,0.25,0.0,0.6666666666666666,1.0,1.0,0.75,0.75,0.25,1.0,0.3080438756855576,0.6666666666666666,0.0,0.032534246575342464,0.24240465416936005,1.0,1.0,1.0,1.0,0.4561716121428385,0.47414741474147415,0.0,0.6595684383819234,0.5,0.0,0.6666666666666666,0.5,0.375,0.3333333333333333,0.6666666666666666,0.4545454545454546,1.0,0.3333333333333333,0.5,0.8,0.16822429906542055,0.6666666666666666,0.5,0.4519230769230769,0.75,1.0,1.0,0.32608695652173914,0.0712979890310786,0.0,0.0,0.0,0.0,0.0,0.4545454545454545,1.0,0.6666666666666666,0.75,0.0,0.0,0.0
125000,0.0,0.75,0.46998751218023505,0.4430503721949419,1.0,1.0,0.0,0.3333333333333333,1.0,0.25,0.5,0.21052631578947367,0.2,1.0,0.5,0.8333333333333333,0.4444444444444445,0.5,0.31851851851851853,0.7166666666666667,0.5,0.0,0.5,0.6000000000000001,0.25,0.0,0.3333333333333333,1.0,0.5,0.5,0.75,0.25,0.6666666666666666,0.38482632541133455,0.6666666666666666,0.0,0.029965753424657533,0.29476405946994183,1.0,0.5,1.0,1.0,0.36562819612612474,0.0,0.0,0.23408109902948082,0.0,0.0,0.3333333333333333,0.0,0.375,0.3333333333333333,0.3333333333333333,0.18181818181818188,1.0,0.3333333333333333,0.25,0.4,0.3364485981308411,0.3333333333333333,0.25,0.2692307692307692,0.75,1.0,1.0,0.0,0.0,0.0,0.0,0.0,0.0,0.0,0.36363636363636365,1.0,0.6666666666666666,0.75,0.0,0.0,0.0
440000,0.0,0.75,0.7206990668552329,0.7753282675625925,1.0,1.0,0.6666666666666666,0.3333333333333333,1.0,0.5,0.5,1.0,0.6000000000000001,1.0,0.5,0.8333333333333333,0.7777777777777777,0.5,0.007407407407407408,0.0,0.5,0.0,0.9,0.9,0.5,0.19,0.6666666666666666,1.0,1.0,1.0,0.75,1.0,1.0,0.6170018281535649,0.6666666666666666,0.0,0.2679794520547945,0.6386554621848739,1.0,1.0,1.0,1.0,0.8282501009583325,0.0,0.0,0.6750753807812813,0.5,0.0,0.6666666666666666,0.0,0.25,0.3333333333333333,0.6666666666666666,0.36363636363636365,1.0,0.3333333333333333,1.0,0.8,0.009345794392523364,0.6666666666666666,0.75,0.7275641025641025,0.75,1.0,1.0,0.33967391304347827,0.11517367458866545,0.0,0.0,0.0,0.0,0.0,0.5454545454545454,0.25,1.0,1.0,0.0,0.0,0.0
109900,0.0,0.75,0.3844816966931084,0.34380411440347736,1.0,1.0,0.0,0.3333333333333333,1.0,0.5,0.5,0.2631578947368421,0.6000000000000001,1.0,0.5,0.8333333333333333,0.3333333333333333,0.5,0.41481481481481486,0.9333333333333333,0.5,0.0,0.8,0.2,0.25,0.0,0.3333333333333333,1.0,0.0,0.0,0.25,0.0,0.0,0.0,0.0,0.0,0.0,0.0,1.0,0.5,1.0,0.6666666666666666,0.44421033018036615,0.0,0.0,0.3089895099884101,0.0,0.0,0.3333333333333333,0.0,0.25,0.3333333333333333,0.3333333333333333,0.09090909090909094,1.0,0.0,0.5,0.4,0.5233644859813084,0.3333333333333333,0.5,0.3365384615384615,0.75,1.0,1.0,0.0,0.05301645338208409,0.0,0.0,0.0,0.0,0.0,0.5454545454545454,0.0,0.6666666666666666,0.75,0.0,1.0,0.0
160000,0.0,0.75,0.5711194268238755,0.4524475643733501,1.0,1.0,0.0,0.3333333333333333,1.0,0.5,0.5,0.2631578947368421,0.6000000000000001,1.0,0.5,0.8333333333333333,0.5555555555555556,0.5,0.3037037037037037,0.6833333333333333,0.5,0.0,0.2,0.2,0.5,0.063125,0.3333333333333333,1.0,0.5,0.5,0.75,0.25,0.16666666666666666,0.29387568555758686,0.6666666666666666,0.0,0.19049657534246575,0.3516483516483516,1.0,1.0,1.0,1.0,0.588668927315164,0.0,0.0,0.4466946523971749,0.0,0.0,0.6666666666666666,0.0,0.375,0.3333333333333333,0.3333333333333333,0.2727272727272727,1.0,0.3333333333333333,0.5,0.8,0.38317757009345793,0.6666666666666666,0.5,0.35256410256410253,0.75,1.0,1.0,0.0,0.2522851919561243,0.0,0.0,0.0,0.0,0.0,0.9999999999999999,0.0,0.6666666666666666,0.0,0.0,0.0,0.0
179000,0.4117647058823529,0.75,0.3844816966931084,0.5826895683227731,1.0,1.0,0.0,0.3333333333333333,1.0,0.5,0.5,0.10526315789473684,0.6000000000000001,1.0,0.25,0.8333333333333333,0.4444444444444445,0.5,0.16296296296296298,0.35,0.5,0.0,0.7000000000000001,0.5,0.25,0.0,0.3333333333333333,1.0,0.5,0.75,1.0,1.0,1.0,0.5484460694698354,0.6666666666666666,0.0,0.0,0.3878474466709761,1.0,0.5,1.0,1.0,0.5298317097090037,0.0,0.0,0.3906080809497765,1.5,0.0,1.0,0.0,0.375,0.3333333333333333,0.3333333333333333,0.18181818181818188,1.0,0.0,0.5,0.0,0.14766355140186874,0.0,0.0,0.0,0.0,0.0,1.0,0.16304347826086957,0.0,0.0,0.0,0.0,0.0,0.0,0.1818181818181818,0.75,0.6666666666666666,0.25,0.0,0.0,1.0
163000,0.32352941176470584,0.25,0.3844816966931084,0.5826895683227731,1.0,1.0,0.0,0.3333333333333333,1.0,0.5,0.5,0.05263157894736842,0.6000000000000001,1.0,0.5,0.6666666666666666,0.6666666666666665,0.75,0.6814814814814815,0.6,0.5,0.0,0.2,0.2,0.25,0.0,0.3333333333333333,1.0,0.25,0.75,0.75,0.5,0.16666666666666666,0.17824497257769653,0.6666666666666666,0.0,0.20976027397260272,0.2844214608920491,0.5,0.25,0.0,1.0,0.34425703276536224,0.4884488448844884,0.0,0.6116370588188897,0.0,0.0,0.3333333333333333,0.5,0.25,0.3333333333333333,0.3333333333333333,0.2727272727272727,1.0,0.6666666666666666,0.5,0.4,0.8598130841121495,0.3333333333333333,0.5,0.2564102564102564,0.75,1.0,0.0,0.0,0.623400365630713,0.0,0.0,0.0,0.0,0.0,0.8181818181818182,0.0,0.6666666666666666,0.75,0.0,0.0,0.0
138000,0.0,0.75,0.3844816966931084,0.29254014156671815,1.0,1.0,0.0,0.3333333333333333,1.0,0.5,0.5,0.3684210526315789,0.6000000000000001,1.0,0.5,0.8333333333333333,0.4444444444444445,0.875,0.1925925925925926,0.08333333333333333,0.5,0.0,0.5,0.6000000000000001,0.25,0.0,0.3333333333333333,0.3333333333333333,1.0,0.5,1.0,0.25,1.0,0.37294332723948814,0.6666666666666666,0.0,0.0,0.26373626373626374,1.0,1.0,1.0,1.0,0.29907867709603897,0.0,0.0,0.1706427770670893,0.5,0.0,0.3333333333333333,0.0,0.25,0.3333333333333333,0.3333333333333333,0.09090909090909094,1.0,0.0,0.5,0.4,0.21495327102803738,1.0,0.5,0.6538461538461539,0.75,1.0,1.0,0.0,0.0,0.0,0.0,0.0,0.0,0.0,0.4545454545454545,0.5,0.6666666666666666,0.75,0.0,0.0,0.0
335000,0.2352941176470588,0.75,0.645187933250744,0.6097700835432827,1.0,1.0,0.6666666666666666,0.3333333333333333,1.0,0.5,0.5,1.0,0.6000000000000001,1.0,0.5,1.0,0.8888888888888888,0.5,0.007407407407407408,0.016666666666666666,0.5,0.0,0.9,0.9,1.0,0.09625,1.0,1.0,1.0,1.0,0.75,0.75,1.0,0.42778793418647165,0.6666666666666666,0.0,0.07191780821917808,0.356819650937298,1.0,1.0,1.0,1.0,0.4938697910856953,0.5797579757975797,0.0,0.7321586841110901,0.5,0.0,0.6666666666666666,0.5,0.375,0.3333333333333333,1.0,0.6363636363636365,1.0,0.3333333333333333,0.75,0.8,0.009345794392523364,1.0,0.75,0.6698717948717948,0.75,1.0,1.0,0.0,0.18647166361974407,0.0,0.0,0.0,0.0,0.0,0.5454545454545454,0.75,0.6666666666666666,0.75,0.0,0.0,0.0
187000,0.3529411764705882,0.75,0.5440560186071031,0.513296041298835,1.0,1.0,0.0,0.3333333333333333,1.0,0.25,0.5,0.42105263157894735,0.2,1.0,0.5,0.5,0.5555555555555556,0.75,0.22962962962962963,0.21666666666666667,1.0,0.0,0.7000000000000001,0.5,0.5,0.225,0.6666666666666666,0.3333333333333333,0.5,0.5,0.75,0.25,0.8333333333333333,0.0,0.6666666666666666,0.0,0.22602739726027396,0.17065287653522948,1.0,1.0,1.0,1.0,0.4744977368632237,0.41859185918591857,0.0,0.6390345757617735,0.0,0.0,0.6666666666666666,0.5,0.375,0.3333333333333333,0.3333333333333333,0.36363636363636365,1.0,0.3333333333333333,0.5,0.8,0.2897196261682243,0.6666666666666666,0.5,0.41025641025641024,0.75,1.0,1.0,0.15353260869565216,0.18281535648994515,0.0,0.0,0.0,0.0,0.0,0.6363636363636364,0.25,0.6666666666666666,0.75,0.0,0.0,0.0
235128,0.0,0.75,0.6215805476603935,0.641416102130683,1.0,1.0,0.0,0.3333333333333333,1.0,0.25,0.5,0.8421052631578947,0.2,1.0,0.5,0.8333333333333333,0.7777777777777777,0.5,0.007407407407407408,0.0,0.5,0.0,0.9,0.9,1.0,0.11625,0.6666666666666666,1.0,1.0,0.75,0.75,0.25,0.8333333333333333,0.0,0.6666666666666666,0.0,0.6763698630136986,0.5106658047834518,1.0,1.0,1.0,1.0,0.6944339763649814,0.0,0.0,0.5475151741947433,0.0,0.0,0.6666666666666666,0.0,0.375,0.3333333333333333,0.6666666666666666,0.36363636363636365,1.0,0.0,0.5,0.8,0.0,0.6666666666666666,0.75,0.6650641025641025,0.75,1.0,1.0,0.0,0.043875685557586835,0.0,0.0,0.0,0.0,0.0,0.4545454545454545,0.5,0.3333333333333333,1.0,0.0,0.0,0.0
181500,0.0,0.75,0.5440560186071031,0.513296041298835,1.0,1.0,0.0,0.3333333333333333,1.0,0.25,0.5,0.42105263157894735,0.2,1.0,0.5,0.8333333333333333,0.5555555555555556,0.875,0.22962962962962963,0.5166666666666666,0.5,0.0,0.4,0.30000000000000004,0.25,0.0,0.3333333333333333,1.0,0.5,0.75,0.75,1.0,0.6666666666666666,0.4469835466179159,0.6666666666666666,0.0,0.12157534246575341,0.4078862314156432,1.0,1.0,1.0,1.0,0.5599732536500279,0.0,0.0,0.41934050451710236,0.0,0.5,0.6666666666666666,0.0,0.375,0.3333333333333333,0.3333333333333333,0.2727272727272727,1.0,0.3333333333333333,0.5,0.8,0.2897196261682243,0.6666666666666666,0.5,0.36858974358974356,0.75,1.0,1.0,0.40489130434782605,0.0,0.0,0.0,0.0,0.0,0.0,0.36363636363636365,0.25,0.6666666666666666,0.75,0.0,0.0,0.0
149900,0.3529411764705882,0.75,0.4288805731761245,0.43357112985528534,1.0,1.0,0.0,0.3333333333333333,1.0,0.5,0.5,0.6842105263157894,0.6000000000000001,1.0,0.5,0.5,0.4444444444444445,0.875,0.22962962962962963,0.5166666666666666,0.5,0.0,0.5,0.6000000000000001,0.5,0.1375,0.6666666666666666,1.0,0.5,0.75,1.0,0.75,1.0,0.2719378427787934,0.6666666666666666,0.0,0.16695205479452055,0.3183581124757595,1.0,0.5,1.0,1.0,0.41170051425674314,0.0,0.0,0.27799953140466505,0.0,0.0,0.6666666666666666,0.0,0.375,0.3333333333333333,0.3333333333333333,0.2727272727272727,1.0,0.0,0.75,0.8,0.2897196261682243,0.3333333333333333,0.25,0.26282051282051283,0.75,1.0,1.0,0.28532608695652173,0.0,0.0,0.0,0.0,0.0,0.0,0.9090909090909091,0.5,0.6666666666666666,0.75,0.0,0.0,0.0
123000,0.38235294117647056,0.75,0.4539084200731607,0.39382571516133336,1.0,1.0,0.0,0.3333333333333333,1.0,0.5,0.5,0.2631578947368421,0.6000000000000001,1.0,0.5,0.3333333333333333,0.4444444444444445,0.5,0.2888888888888889,0.65,0.5,0.0,0.5,0.6000000000000001,0.25,0.0,0.3333333333333333,1.0,0.5,0.5,0.75,0.75,0.6666666666666666,0.35146252285191953,0.6666666666666666,0.0,0.04066780821917808,0.2792501616031028,1.0,0.5,1.0,1.0,0.3577031933263233,0.0,0.0,0.22652659095047545,0.5,0.0,0.3333333333333333,0.0,0.375,0.3333333333333333,0.3333333333333333,0.2727272727272727,1.0,0.3333333333333333,0.0,0.8,0.3644859813084112,0.6666666666666666,0.25,0.23076923076923075,0.75,1.0,1.0,0.23777173913043478,0.263254113345521,0.0,0.0,0.0,0.0,0.0,0.9999999999999999,0.0,0.6666666666666666,0.75,0.0,0.0,0.0
131000,0.17647058823529413,0.25,0.3844816966931084,0.236386812684934,1.0,1.0,0.0,0.3333333333333333,1.0,0.5,0.5,0.15789473684210525,0.6000000000000001,1.0,0.5,0.16666666666666666,0.5555555555555556,0.625,0.48888888888888893,0.95,0.5,0.0,0.2,0.2,0.25,0.0,0.3333333333333333,0.3333333333333333,0.25,0.5,1.0,0.25,0.6666666666666666,0.17138939670932357,0.6666666666666666,0.0,0.1541095890410959,0.23755656108597284,1.0,1.0,1.0,1.0,0.33673078303865855,0.19196919691969197,0.0,0.3990999056268474,0.0,0.5,0.3333333333333333,0.0,0.375,0.3333333333333333,0.3333333333333333,0.2727272727272727,1.0,0.3333333333333333,0.75,0.4,0.037383177570093455,0.3333333333333333,0.5,0.35256410256410253,0.75,1.0,1.0,0.0,0.0,0.0,0.0,0.0,0.0,0.0,0.1818181818181818,0.25,0.6666666666666666,0.75,0.0,0.0,0.0
252678,0.2352941176470588,1.0,0.4856136113367493,0.4512214161220207,1.0,1.0,0.0,0.3333333333333333,1.0,0.5,0.5,0.8421052631578947,0.6000000000000001,1.0,0.5,1.0,0.6666666666666665,0.5,0.0,0.0,0.5,0.0,0.9,0.9,0.25,0.0,0.3333333333333333,1.0,1.0,0.75,0.75,0.25,1.0,0.3756855575868373,0.6666666666666666,0.0,0.033390410958904104,0.29088558500323203,1.0,1.0,1.0,1.0,0.37860764140286074,0.506050605060506,0.0,0.6381114187948351,0.5,0.0,0.6666666666666666,0.5,0.375,0.3333333333333333,0.6666666666666666,0.36363636363636365,1.0,0.3333333333333333,0.5,0.8,0.0,0.6666666666666666,0.5,0.516025641025641,0.75,1.0,1.0,0.22826086956521738,0.19744058500914077,0.0,0.0,0.0,0.0,0.0,0.5454545454545454,0.75,1.0,1.0,0.0,0.0,0.0
145250,0.0,0.75,0.5440560186071031,0.6247906189584862,1.0,1.0,0.0,0.3333333333333333,1.0,0.5,0.5,0.2631578947368421,0.6000000000000001,1.0,0.5,0.8333333333333333,0.5555555555555556,0.5,0.34074074074074073,0.7666666666666666,1.0,0.0,0.2,0.2,0.5,0.109375,0.3333333333333333,1.0,0.5,0.5,0.75,0.25,0.16666666666666666,0.25822669104204754,0.6666666666666666,0.0,0.3501712328767123,0.4469941822882999,1.0,0.5,1.0,1.0,0.6147546312665111,0.0,0.0,0.47156084692418565,0.0,0.0,0.3333333333333333,0.5,0.375,0.3333333333333333,0.3333333333333333,0.36363636363636365,1.0,0.0,0.75,0.8,0.42990654205607476,0.6666666666666666,0.25,0.23397435897435898,0.75,1.0,1.0,0.0,0.08226691042047532,0.0,0.0,0.0,0.0,0.0,0.2727272727272727,0.0,0.6666666666666666,0.75,0.0,0.0,0.0
187100,0.0,0.75,0.44569064255190827,0.8246582333345369,1.0,1.0,1.0,0.3333333333333333,1.0,0.5,0.5,0.6842105263157894,0.6000000000000001,1.0,0.5,0.8333333333333333,0.6666666666666665,0.5,0.05925925925925926,0.11666666666666667,0.5,0.0,0.9,0.9,0.25,0.0,0.6666666666666666,1.0,1.0,0.75,0.75,0.25,0.8333333333333333,0.0,0.6666666666666666,0.0,0.6048801369863014,0.4566903684550743,1.0,1.0,1.0,1.0,0.6347504212148887,0.0,0.0,0.4906218315732871,0.0,0.0,0.6666666666666666,0.0,0.375,0.3333333333333333,0.6666666666666666,0.2727272727272727,1.0,0.0,0.75,0.8,0.07476635514018691,0.6666666666666666,0.5,0.484775641025641,0.75,1.0,1.0,0.0,0.0603290676416819,0.0,0.0,0.0,0.0,0.0,0.4545454545454545,0.75,0.6666666666666666,0.75,0.0,0.0,0.0
119000,0.05882352941176469,0.25,0.3844816966931084,0.34380411440347736,1.0,1.0,0.0,0.3333333333333333,1.0,0.0,0.5,0.05263157894736842,0.6000000000000001,1.0,0.5,0.8333333333333333,0.4444444444444445,0.75,0.5185185185185185,0.3,0.5,0.0,0.4,0.30000000000000004,1.0,0.18375,0.3333333333333333,0.3333333333333333,0.5,0.5,0.75,0.25,0.5,0.23308957952468007,0.6666666666666666,0.0,0.11900684931506848,0.2546864899806076,1.0,0.5,1.0,1.0,0.290214382166067,0.0,0.0,0.16219288886454652,0.5,0.0,0.3333333333333333,0.0,0.25,0.3333333333333333,0.6666666666666666,0.09090909090909094,1.0,0.6666666666666666,0.75,0.8,0.6542056074766355,0.3333333333333333,0.25,0.1923076923076923,0.75,1.0,1.0,0.0,0.0,0.3989637305699482,0.0,0.0,0.0,0.0,0.09090909090909091,1.0,0.6666666666666666,0.0,0.0,0.0,0.0
178900,0.2352941176470588,0.75,0.4288805731761245,0.5511471840572213,1.0,1.0,0.0,0.3333333333333333,1.0,0.5,0.5,0.5789473684210527,0.8,1.0,0.5,1.0,0.5555555555555556,0.5,0.014814814814814815,0.0,0.5,0.0,0.9,0.9,0.25,0.0,0.6666666666666666,1.0,1.0,0.75,0.75,0.25,0.8333333333333333,0.0,0.6666666666666666,0.0,0.3351883561643835,0.2530704589528119,1.0,1.0,1.0,1.0,0.27437866484872897,0.38558855885588555,0.0,0.5117630844542718,0.0,0.0,0.6666666666666666,0.5,0.375,0.3333333333333333,0.6666666666666666,0.4545454545454546,1.0,0.3333333333333333,0.75,0.8,0.018691588785046728,1.0,0.5,0.31490384615384615,0.75,1.0,1.0,0.0,0.1316270566727605,0.0,0.0,0.0,0.0,0.0,0.5454545454545454,0.25,1.0,1.0,0.0,0.0,0.0
101000,0.32352941176470584,0.25,0.3844816966931084,0.34380411440347736,1.0,1.0,0.0,0.3333333333333333,1.0,0.5,0.5,0.0,0.6000000000000001,1.0,0.5,0.6666666666666666,0.4444444444444445,0.75,0.6444444444444445,0.18333333333333332,0.5,0.0,0.4,0.30000000000000004,0.25,0.0,0.3333333333333333,1.0,0.25,0.5,0.5,0.25,0.8333333333333333,0.0,0.6666666666666666,0.0,0.2268835616438356,0.17129928894634777,1.0,0.5,0.0,1.0,0.09584810831579293,0.2915291529152915,0.0,0.3466557721972219,0.0,0.0,0.3333333333333333,0.0,0.375,0.3333333333333333,0.0,0.2727272727272727,1.0,0.0,0.75,0.4,0.6728971962616822,0.3333333333333333,0.25,0.23076923076923075,0.75,1.0,0.0,0.0,0.0,0.37305699481865284,0.0,0.0,0.0,0.0,0.1818181818181818,0.25,0.6666666666666666,0.75,0.0,0.0,0.0
160000,1.0,0.75,0.3844816966931084,0.5826895683227731,1.0,1.0,0.0,0.3333333333333333,1.0,0.0,0.5,0.05263157894736842,0.6000000000000001,1.0,0.0,0.16666666666666666,0.4444444444444445,0.375,0.7851851851851852,0.6,0.5,0.0,0.2,0.2,0.25,0.0,0.3333333333333333,0.0,0.5,0.5,0.5,0.25,0.5,0.30347349177330896,0.6666666666666666,0.0,0.12414383561643835,0.308338720103426,1.0,0.5,0.0,0.6666666666666666,0.7610233560901984,0.3564356435643564,0.0,0.7892668585636131,0.0,0.0,0.6666666666666666,0.0,0.375,0.6666666666666666,0.3333333333333333,0.6363636363636365,0.0,0.3333333333333333,0.75,0.8,0.3364485981308411,0.3333333333333333,0.5,0.41666666666666663,0.75,0.3333333333333333,0.0,0.19293478260869565,0.0,0.0,0.0,0.0,0.0,0.0,0.36363636363636365,0.0,0.3333333333333333,0.75,0.0,0.0,0.0
