MSSubClass,MSZoning,LotFrontage,LotArea,LandContour,LandSlope,Neighborhood,Condition1,Condition2,BldgType,HouseStyle,OverallQual,OverallCond,RoofStyle,Exterior1st,Exterior2nd,MasVnrType,MasVnrArea,ExterQual,ExterCond,Foundation,BsmtQual,BsmtExposure,BsmtFinType1,BsmtFinSF1,BsmtFinType2,BsmtFinSF2,TotalBsmtSF,HeatingQC,Electrical,1stFlrSF,2ndFlrSF,BsmtFullBath,HalfBath,BedroomAbvGr,KitchenAbvGr,KitchenQual,TotRmsAbvGrd,Functional,Fireplaces,FireplaceQu,GarageYrBlt,GarageFinish,GarageCars,GarageArea,PavedDrive,WoodDeckSF,OpenPorchSF,EnclosedPorch,ScreenPorch,PoolArea,MoSold,YrSold,SaleType,SaleCondition,BsmtQual_NAN,GarageType_NAN,SalePrice
0.0,0.75,0.3844819395240602,0.9936524981351678,0.3333333333333333,0.5,0.7368421052631579,0.6000000000000001,1.0,0.5,0.8333333333333333,0.5555555555555556,1.0,1.0,0.2,0.5,0.5,0.1625,0.6666666666666666,0.3333333333333333,0.5,0.75,0.25,1.0,0.3692870201096892,0.6666666666666666,0.0,0.2844214608920491,1.0,1.0,0.7311527944744767,0.0,0.5,0.0,0.375,0.3333333333333333,0.6666666666666666,0.18181818181818188,1.0,0.3333333333333333,0.75,0.19626168224299065,1.0,0.5,0.4326923076923077,1.0,0.3967391304347826,0.08043875685557587,0.0,0.0,0.0,1.0,0.75,0.6666666666666666,0.75,0.0,0.0,222000
0.17647058823529413,0.25,0.3051051130406515,0.2594942457964429,0.3333333333333333,0.5,0.15789473684210525,0.6000000000000001,1.0,0.5,0.16666666666666666,0.4444444444444445,0.75,0.5,0.4,0.30000000000000004,0.25,0.0,0.3333333333333333,1.0,1.0,0.5,0.25,0.8333333333333333,0.0,0.6666666666666666,0.0,0.34841628959276016,0.5,1.0,0.4928098635028628,0.24477447744774475,0.0,0.0,0.375,0.3333333333333333,0.3333333333333333,0.4545454545454546,1.0,0.3333333333333333,0.75,0.7289719626168224,0.3333333333333333,0.5,0.28846153846153844,0.5,0.0,0.0,0.0,0.0,0.0,0.4545454545454545,0.5,0.6666666666666666,0.75,0.0,0.0,162900
0.3529411764705882,0.75,0.3362173701621243,0.5815975123620758,0.3333333333333333,0.5,0.6842105263157894,0.6000000000000001,1.0,0.5,0.5,0.4444444444444445,0.5,0.5,0.4,0.30000000000000004,0.25,0.0,0.3333333333333333,1.0,0.5,0.5,0.75,0.6666666666666666,0.2207495429616088,0.6666666666666666,0.0,0.2944408532643827,0.75,1.0,0.3925671687598285,0.0,0.0,0.0,0.375,0.3333333333333333,0.3333333333333333,0.2727272727272727,1.0,0.0,0.5,0.2803738317757009,0.3333333333333333,0.5,0.4615384615384615,1.0,0.0,0.0,0.0,0.0,0.0,0.5454545454545454,0.0,0.6666666666666666,0.75,0.0,0.0,132500
0.0,0.75,0.4288805731761245,0.4381206815909122,0.3333333333333333,0.5,0.6842105263157894,0.6000000000000001,1.0,0.5,0.8333333333333333,0.6666666666666665,0.5,0.5,0.9,0.9,0.5,0.16625,0.6666666666666666,1.0,1.0,0.75,0.5,1.0,0.4323583180987203,0.6666666666666666,0.0,0.4641241111829347,1.0,1.0,0.6372556403558112,0.0,0.5,0.0,0.375,0.3333333333333333,0.6666666666666666,0.4545454545454546,1.0,0.0,0.25,0.037383177570093455,0.3333333333333333,0.5,0.3878205128205128,1.0,0.18885869565217392,0.17915904936014626,0.0,0.0,0.0,0.2727272727272727,0.5,0.6666666666666666,0.75,0.0,0.0,210000
0.2352941176470588,0.75,0.5776838802086337,0.597503615605393,0.3333333333333333,0.5,0.2631578947368421,0.6000000000000001,1.0,0.5,1.0,0.5555555555555556,0.5,0.5,0.5,0.6000000000000001,0.25,0.0,0.3333333333333333,1.0,0.5,0.25,0.5,0.6666666666666666,0.22851919561243145,0.5,0.18724559023066484,0.3076923076923077,0.5,1.0,0.4734028985631578,0.5610561056105611,0.0,0.5,0.5,0.3333333333333333,0.3333333333333333,0.5454545454545455,1.0,0.6666666666666666,0.75,0.3644859813084112,0.3333333333333333,0.5,0.4615384615384615,1.0,0.3804347826086956,0.0,0.0,0.0,0.0,0.4545454545454545,0.5,0.6666666666666666,0.75,0.0,0.0,206900
0.0,0.75,0.5156041494973234,0.5127434409562008,0.3333333333333333,0.5,1.0,0.6000000000000001,1.0,0.5,0.8333333333333333,0.7777777777777777,0.5,1.0,0.9,0.9,0.5,0.16375,0.6666666666666666,1.0,1.0,1.0,0.75,1.0,0.4972577696526509,0.6666666666666666,0.0,0.5536522301228184,1.0,1.0,0.7427917443273144,0.0,0.5,0.0,0.375,0.3333333333333333,1.0,0.3636363636363637,1.0,0.3333333333333333,0.75,0.04672897196261682,1.0,0.75,0.6858974358974359,1.0,0.0,0.04753199268738574,0.0,0.3541666666666667,0.0,0.0,0.75,0.6666666666666666,0.75,0.0,0.0,274900
0.17647058823529413,0.75,0.26070623655763536,0.6837997246278684,0.3333333333333333,0.5,0.3684210526315789,0.6000000000000001,1.0,0.5,0.16666666666666666,0.6666666666666665,0.5,0.5,0.9,0.9,0.25,0.0,0.6666666666666666,1.0,1.0,1.0,0.25,1.0,0.6174588665447898,0.6666666666666666,0.0,0.4634776987718164,1.0,1.0,0.6704821690471152,0.34708470847084705,0.5,0.5,0.125,0.3333333333333333,0.6666666666666666,0.2727272727272727,1.0,0.3333333333333333,1.0,0.05607476635514018,0.6666666666666666,0.5,0.5368589743589743,1.0,0.22826086956521735,0.07861060329067641,0.0,0.4125,0.0,0.6363636363636364,0.75,0.6666666666666666,0.0,0.0,0.0,239686
0.0,0.75,0.3844819395240602,0.6797884973383121,0.3333333333333333,0.5,0.2631578947368421,0.6000000000000001,1.0,0.5,0.8333333333333333,0.3333333333333333,0.5,1.0,0.4,0.30000000000000004,0.25,0.0,0.3333333333333333,1.0,0.5,0.5,0.25,0.5,0.2742230347349177,0.6666666666666666,0.0,0.2792501616031028,0.5,1.0,0.3332782116350113,0.0,0.0,0.0,0.375,0.3333333333333333,0.3333333333333333,0.18181818181818188,1.0,0.0,0.75,0.2616822429906542,0.3333333333333333,0.5,0.4615384615384615,1.0,0.2934782608695652,0.0,0.0,0.0,0.0,0.2727272727272727,0.5,0.0,0.75,0.0,0.0,111250
0.0,0.75,0.39365033250032666,0.5505137671713802,0.3333333333333333,0.5,0.6842105263157894,0.6000000000000001,1.0,0.5,0.8333333333333333,0.7777777777777777,0.5,0.5,0.9,0.9,1.0,0.16875,0.6666666666666666,1.0,1.0,1.0,1.0,0.8333333333333333,0.0,0.6666666666666666,0.0,0.524240465416936,1.0,1.0,0.7130750156271293,0.0,0.5,0.0,0.375,0.3333333333333333,1.0,0.4545454545454546,1.0,0.3333333333333333,0.75,0.009345794392523364,0.6666666666666666,0.75,0.6891025641025641,1.0,0.23369565217391305,0.07678244972577697,0.0,0.0,0.0,0.0,0.75,0.6666666666666666,0.75,0.0,0.0,295493
0.17647058823529413,0.75,0.5300124878197654,0.8671533711292794,0.3333333333333333,0.5,0.2631578947368421,0.0,1.0,0.5,0.16666666666666666,0.5555555555555556,0.5,0.5,0.9,0.9,0.25,0.0,0.3333333333333333,1.0,0.5,0.5,0.25,0.8333333333333333,0.0,0.6666666666666666,0.0,0.29476405946994183,0.5,1.0,0.3656281961261248,0.3003300330033003,0.0,0.0,0.375,0.3333333333333333,0.3333333333333333,0.2727272727272727,1.0,0.3333333333333333,0.75,0.5794392523364486,0.3333333333333333,0.25,0.2644230769230769,1.0,0.2608695652173913,0.0,0.0,0.0,0.0,0.0,1.0,0.6666666666666666,0.0,0.0,0.0,97500
0.38235294117647056,0.75,0.4932646269438401,0.4797719638902666,0.3333333333333333,0.5,0.4736842105263158,0.6000000000000001,1.0,0.5,0.3333333333333333,0.5555555555555556,0.625,0.5,0.5,0.6000000000000001,0.25,0.0,0.3333333333333333,1.0,1.0,0.75,0.75,1.0,0.3414076782449726,0.6666666666666666,0.0,0.3025210084033613,1.0,1.0,0.41834532621985465,0.0,0.5,0.0,0.25,0.3333333333333333,0.6666666666666666,0.18181818181818188,1.0,0.0,0.0,0.16822429906542055,0.3333333333333333,0.5,0.4519230769230769,1.0,0.16304347826086954,0.0,0.0,0.0,0.0,0.2727272727272727,1.0,0.6666666666666666,0.75,0.0,0.0,147000
0.2352941176470588,0.75,0.4373492848057643,0.7220474603845002,1.0,0.5,0.8947368421052628,0.6000000000000001,1.0,0.5,1.0,1.0,0.5,1.0,0.9,0.9,0.5,0.644375,1.0,1.0,1.0,1.0,1.0,0.8333333333333333,0.0,0.6666666666666666,0.0,0.4557207498383969,1.0,1.0,0.633074428623122,0.8355335533553355,0.0,0.5,0.375,0.3333333333333333,0.6666666666666666,0.6363636363636365,1.0,0.3333333333333333,0.75,0.0,1.0,0.75,0.5136217948717948,1.0,0.2608695652173913,0.0,0.09585492227979277,0.0,0.0,0.8181818181818182,0.0,1.0,1.0,0.0,0.0,438780
0.0,0.75,0.3844819395240602,0.6709791879960081,0.3333333333333333,0.5,0.5263157894736842,0.6000000000000001,1.0,0.5,0.8333333333333333,0.5555555555555556,0.75,0.5,0.4,0.30000000000000004,0.5,0.19375,0.6666666666666666,0.3333333333333333,0.5,0.75,0.25,0.5,0.30987202925045704,0.6666666666666666,0.0,0.4654169360051713,1.0,1.0,0.6389199779075176,0.0,0.0,0.0,0.375,0.3333333333333333,0.6666666666666666,0.3636363636363637,1.0,0.3333333333333333,0.5,0.24299065420560745,1.0,0.5,0.374198717948718,1.0,0.0,0.0,0.25647668393782386,0.0,0.0,0.2727272727272727,0.25,0.6666666666666666,0.75,0.0,0.0,182900
0.0,0.75,0.5370786959534646,0.5018941099276057,0.3333333333333333,0.5,0.8421052631578947,0.6000000000000001,1.0,0.5,0.8333333333333333,0.6666666666666665,0.5,1.0,1.0,1.0,1.0,0.128125,1.0,1.0,1.0,1.0,0.25,1.0,0.5146252285191956,0.6666666666666666,0.0,0.5578539107950873,1.0,1.0,0.7473153346631718,0.0,0.5,0.0,0.375,0.3333333333333333,1.0,0.4545454545454546,1.0,0.3333333333333333,0.75,0.0,1.0,0.75,0.6298076923076923,1.0,0.23233695652173916,0.2522851919561243,0.0,0.5541666666666667,0.0,0.7272727272727273,0.25,1.0,1.0,0.0,0.0,311872
0.0,0.75,0.3844819395240602,0.7597024077039931,0.3333333333333333,0.5,0.2631578947368421,0.6000000000000001,1.0,0.5,0.8333333333333333,0.5555555555555556,0.625,0.5,0.2,0.2,0.5,0.053125,0.3333333333333333,1.0,0.5,0.5,0.25,0.5,0.2714808043875685,0.3333333333333333,0.1485753052917232,0.36974789915966383,1.0,1.0,0.6343318629858303,0.0,0.0,0.0,0.375,0.3333333333333333,0.6666666666666666,0.3636363636363637,1.0,0.6666666666666666,0.75,0.4392523364485981,0.3333333333333333,0.5,0.4583333333333333,1.0,0.2934782608695652,0.20109689213893966,0.0,0.0,0.0,0.4545454545454545,0.25,0.6666666666666666,0.75,0.0,0.0,181900
0.0,0.75,0.3844819395240602,0.9744696819572888,0.0,0.5,0.7368421052631579,0.6000000000000001,1.0,0.5,0.8333333333333333,0.5555555555555556,0.5,1.0,0.2,0.2,0.5,0.115,0.3333333333333333,0.3333333333333333,0.5,0.75,0.5,0.6666666666666666,0.015996343692870202,0.3333333333333333,0.5895522388059701,0.5846800258564965,0.5,1.0,0.9083350196377932,0.0,0.5,0.0,0.375,0.3333333333333333,0.6666666666666666,0.3636363636363637,1.0,0.6666666666666666,0.75,0.5046728971962616,0.3333333333333333,0.5,0.3605769230769231,1.0,0.2255434782608696,0.21937842778793415,0.4974093264248705,0.0,0.0,0.8181818181818182,0.25,0.0,0.0,0.0,0.0,217000
0.0,0.75,0.5082571568285814,0.7597831925693477,0.3333333333333333,0.5,0.8421052631578947,0.6000000000000001,1.0,0.5,0.8333333333333333,0.8888888888888888,0.5,0.5,0.9,0.9,1.0,0.1775,0.6666666666666666,1.0,1.0,0.75,0.25,0.8333333333333333,0.0,0.6666666666666666,0.0,0.4841628959276018,1.0,1.0,0.6657335015494543,0.0,0.0,0.0,0.25,0.3333333333333333,1.0,0.2727272727272727,1.0,0.3333333333333333,0.75,0.0,1.0,0.5,0.4743589743589744,1.0,0.0,0.3180987202925046,0.0,0.0,0.0,0.6363636363636364,0.5,1.0,1.0,0.0,0.0,264132
0.2352941176470588,0.75,0.5577527598632133,0.5027694466385091,0.3333333333333333,0.5,0.9473684210526316,0.6000000000000001,1.0,0.5,1.0,0.7777777777777777,0.5,0.5,0.9,0.9,0.5,0.420625,0.6666666666666666,1.0,1.0,0.75,0.5,1.0,0.5315356489945156,0.6666666666666666,0.0,0.4046541693600517,1.0,1.0,0.5628111829105111,0.6034103410341034,0.5,0.5,0.375,0.3333333333333333,0.6666666666666666,0.4545454545454546,1.0,0.3333333333333333,0.75,0.09345794392523364,0.6666666666666666,0.75,0.6858974358974359,1.0,0.0,0.2340036563071298,0.0,0.375,0.0,0.5454545454545454,0.75,0.6666666666666666,0.75,0.0,0.0,337000
0.0,1.0,0.3844819395240602,0.05405625350787169,0.3333333333333333,0.5,0.8421052631578947,0.6000000000000001,1.0,0.5,0.8333333333333333,0.6666666666666665,0.5,0.5,0.4,0.30000000000000004,1.0,0.27,1.0,1.0,1.0,1.0,0.75,1.0,0.2641681901279708,0.6666666666666666,0.0,0.4751131221719457,1.0,1.0,0.6545044782830778,0.0,0.5,0.5,0.25,0.3333333333333333,0.6666666666666666,0.3636363636363637,1.0,0.3333333333333333,0.75,0.009345794392523364,1.0,0.5,0.3878205128205128,1.0,0.0,0.263254113345521,0.0,0.0,0.0,0.4545454545454545,1.0,1.0,1.0,0.0,0.0,222000
0.38235294117647056,0.75,0.3844816966931084,0.34380411440347736,0.3333333333333333,0.5,0.6842105263157894,0.6000000000000001,1.0,0.5,0.3333333333333333,0.4444444444444445,0.875,0.5,0.30000000000000004,0.6000000000000001,0.25,0.0,0.3333333333333333,0.3333333333333333,0.5,0.75,0.75,1.0,0.3016453382084095,0.6666666666666666,0.0,0.2482223658694247,0.75,1.0,0.26280520992935275,0.0,0.0,0.0,0.25,0.3333333333333333,0.3333333333333333,0.18181818181818188,1.0,0.0,0.0,0.3271028037383177,1.0,0.25,0.3173076923076923,1.0,0.2608695652173913,0.0,0.0,0.0,0.0,0.2727272727272727,0.75,0.6666666666666666,0.75,0.0,0.0,133900
0.2352941176470588,0.75,0.4288805731761245,0.6572489046831205,0.3333333333333333,0.5,0.9473684210526316,0.6000000000000001,1.0,0.5,1.0,0.7777777777777777,0.5,0.5,0.9,0.9,0.5,0.320625,0.6666666666666666,1.0,1.0,0.75,0.75,0.3333333333333333,0.025594149908592326,1.0,0.04341926729986431,0.4259857789269554,1.0,1.0,0.5904738426025351,0.6617161716171617,0.0,0.5,0.5,0.3333333333333333,0.6666666666666666,0.5454545454545455,1.0,0.3333333333333333,0.5,0.11214953271028036,0.6666666666666666,0.75,0.6025641025641025,1.0,0.3016304347826087,0.17915904936014626,0.0,0.0,0.0,0.9090909090909092,0.25,0.6666666666666666,0.75,0.0,0.0,290000
0.17647058823529413,0.75,0.5776838802086337,0.740404021060078,0.3333333333333333,0.5,0.3684210526315789,0.6000000000000001,1.0,0.5,0.16666666666666666,0.4444444444444445,0.5,0.5,0.9,0.9,0.25,0.0,0.3333333333333333,1.0,0.75,0.75,0.25,1.0,0.3345521023765997,0.6666666666666666,0.0,0.2572721396250808,1.0,1.0,0.2842310426641812,0.3113311331133113,0.5,0.5,0.125,0.3333333333333333,0.3333333333333333,0.18181818181818188,1.0,0.0,0.75,0.14953271028037382,0.3333333333333333,0.5,0.3846153846153846,1.0,0.05434782608695652,0.05484460694698354,0.0,0.0,0.0,0.8181818181818182,0.75,0.6666666666666666,0.75,0.0,0.0,143000
0.0,0.75,0.5082571568285814,0.5224305501979467,0.3333333333333333,0.5,0.6842105263157894,0.6000000000000001,1.0,0.5,0.8333333333333333,0.6666666666666665,0.5,0.5,0.9,0.9,0.5,0.106875,0.6666666666666666,1.0,1.0,0.75,0.25,0.8333333333333333,0.0,0.6666666666666666,0.0,0.5268261150614092,1.0,1.0,0.7130750156271293,0.0,0.0,0.0,0.375,0.3333333333333333,0.6666666666666666,0.2727272727272727,1.0,0.3333333333333333,0.5,0.08411214953271028,0.3333333333333333,0.5,0.3613782051282051,1.0,0.10054347826086957,0.4277879341864717,0.0,0.0,0.0,0.8181818181818182,0.75,0.6666666666666666,0.75,0.0,0.0,213000
0.17647058823529413,0.75,0.3844819395240602,0.32846799081322864,0.0,0.5,0.15789473684210525,0.6000000000000001,1.0,0.5,0.16666666666666666,0.4444444444444445,0.375,0.5,0.4,0.30000000000000004,0.0,0.100625,0.3333333333333333,1.0,0.5,0.5,0.25,0.3333333333333333,0.08455210237659963,0.6666666666666666,0.0,0.22915319974143505,0.5,1.0,0.4080447250992472,0.1232123212321232,0.5,0.0,0.375,0.3333333333333333,0.6666666666666666,0.18181818181818188,1.0,0.3333333333333333,0.5,0.5514018691588785,0.3333333333333333,0.25,0.28205128205128205,1.0,0.0,0.0,0.6424870466321244,0.0,0.0,0.5454545454545454,0.75,0.6666666666666666,0.75,0.0,0.0,110000
0.2941176470588235,0.25,0.06942672338005207,0.07611801440625499,0.3333333333333333,0.5,0.05263157894736842,0.6000000000000001,1.0,0.5,1.0,0.4444444444444445,0.5,0.5,0.0,0.0,0.25,0.0,0.3333333333333333,1.0,0.25,0.5,0.25,0.8333333333333333,0.0,0.6666666666666666,0.0,0.2016806722689076,0.25,1.0,0.13856856390785932,0.396039603960396,0.0,0.0,0.5,0.3333333333333333,0.3333333333333333,0.3636363636363637,1.0,0.0,0.75,0.8598130841121495,0.3333333333333333,0.75,0.4110576923076923,1.0,0.0,0.0,0.24870466321243526,0.0,0.0,0.3636363636363637,0.5,0.0,0.0,0.0,0.0,98000
0.058823529411764684,0.75,0.3844816966931084,0.5826895683227731,0.3333333333333333,0.5,0.05263157894736842,0.6000000000000001,1.0,0.5,0.8333333333333333,0.4444444444444445,0.625,1.0,0.6000000000000001,0.4,0.25,0.0,0.3333333333333333,1.0,0.25,0.5,0.25,0.16666666666666666,0.3752285191956125,0.6666666666666666,0.0,0.3619909502262443,1.0,1.0,0.4938697910856953,0.0,0.5,0.0,0.25,0.3333333333333333,0.3333333333333333,0.18181818181818188,1.0,0.3333333333333333,0.75,0.3364485981308411,0.3333333333333333,0.5,0.5769230769230769,1.0,0.31114130434782605,0.0,0.0,0.0,0.0,0.4545454545454545,0.0,0.6666666666666666,0.75,0.0,0.0,120000
0.17647058823529413,0.75,0.8464879224395074,0.8846307700804408,0.0,0.5,0.631578947368421,0.6000000000000001,1.0,0.5,0.16666666666666666,0.4444444444444445,0.625,0.5,0.4,0.30000000000000004,0.25,0.0,0.3333333333333333,1.0,0.5,0.5,0.25,0.16666666666666666,0.06946983546617916,0.16666666666666666,0.3181818181818182,0.5164835164835164,0.5,1.0,0.7152734098848934,0.534103410341034,0.0,0.0,0.375,0.3333333333333333,1.0,0.8181818181818181,0.0,0.3333333333333333,0.75,0.128971962616822,0.0,0.0,0.0,1.0,0.16576086956521738,0.0,0.0,0.0,0.0,0.1818181818181818,0.25,0.6666666666666666,0.75,0.0,1.0,200500
0.2352941176470588,1.0,0.4288805731761245,0.41501324847940413,0.3333333333333333,0.5,0.8421052631578947,0.6000000000000001,1.0,0.5,1.0,0.6666666666666665,0.5,0.5,0.9,0.9,0.25,0.0,0.6666666666666666,1.0,1.0,0.75,0.25,0.8333333333333333,0.0,0.6666666666666666,0.0,0.2443438914027149,1.0,1.0,0.2533825118192889,0.4383938393839384,0.0,0.5,0.375,0.3333333333333333,0.6666666666666666,0.2727272727272727,1.0,0.0,0.75,0.009345794392523364,0.6666666666666666,0.5,0.4927884615384615,1.0,0.0,0.08226691042047532,0.0,0.0,0.0,0.1818181818181818,0.0,1.0,1.0,0.0,0.0,186500
0.2352941176470588,0.75,0.3844819395240602,0.6067404188049812,0.3333333333333333,0.5,0.6842105263157894,0.6000000000000001,1.0,0.5,1.0,0.7777777777777777,0.5,0.5,1.0,1.0,0.25,0.0,0.6666666666666666,1.0,1.0,0.75,0.5,0.8333333333333333,0.0,0.6666666666666666,0.0,0.3645765998707175,1.0,1.0,0.5038465473056672,0.6276127612761275,0.0,0.5,0.5,0.3333333333333333,0.6666666666666666,0.5454545454545455,1.0,0.3333333333333333,0.75,0.05607476635514018,0.3333333333333333,0.5,0.624198717948718,1.0,0.0,0.0,0.0,0.0,0.0,0.3636363636363637,0.5,0.6666666666666666,0.75,0.0,0.0,255900
0.17647058823529413,0.75,0.4373492848057643,0.9959563051824496,0.3333333333333333,0.5,0.10526315789473684,0.6000000000000001,1.0,0.5,0.16666666666666666,0.5555555555555556,0.75,0.5,0.2,0.2,0.25,0.0,0.3333333333333333,1.0,0.25,0.75,0.5,0.8333333333333333,0.0,0.6666666666666666,0.0,0.3758888170652877,1.0,1.0,0.5110928344005203,0.2810781078107811,0.0,0.0,0.5,0.3333333333333333,0.3333333333333333,0.4545454545454546,1.0,0.3333333333333333,0.75,0.4953271028037383,1.0,0.5,0.3173076923076923,0.0,0.09782608695652173,0.06581352833638025,0.0,0.3,0.0,0.5454545454545454,0.5,0.6666666666666666,0.75,0.0,0.0,185000
0.0,0.75,0.5776838802086337,0.5961188504971977,0.3333333333333333,0.5,0.6842105263157894,0.6000000000000001,1.0,0.5,0.8333333333333333,0.7777777777777777,0.5,0.5,0.9,0.9,0.25,0.0,0.6666666666666666,1.0,1.0,1.0,0.75,0.8333333333333333,0.0,0.6666666666666666,0.0,0.39883645765998704,1.0,1.0,0.5465486432327435,0.0,0.0,0.0,0.375,0.3333333333333333,0.6666666666666666,0.3636363636363637,1.0,0.0,0.75,0.009345794392523364,0.6666666666666666,0.5,0.3878205128205128,1.0,0.0,0.05484460694698354,0.0,0.0,0.0,0.0,0.5,0.6666666666666666,0.75,0.0,0.0,179900
0.0,0.75,0.3844819395240602,0.3997342328176874,0.3333333333333333,0.5,0.10526315789473684,0.6000000000000001,1.0,0.5,0.8333333333333333,0.5555555555555556,0.75,1.0,0.5,0.6000000000000001,0.5,0.10875,0.3333333333333333,0.3333333333333333,0.5,0.5,0.25,0.5,0.34323583180987205,0.6666666666666666,0.0,0.3694246929541047,0.5,1.0,0.4847999853267866,0.0,0.5,0.5,0.375,0.3333333333333333,0.3333333333333333,0.2727272727272727,1.0,0.3333333333333333,0.25,0.18691588785046728,0.6666666666666666,0.25,0.40384615384615385,1.0,0.5027173913043478,0.05484460694698354,0.0,0.0,0.0,0.3636363636363637,0.25,0.6666666666666666,0.75,0.0,0.0,148000
0.3529411764705882,0.75,0.3844816966931084,0.33837853881258617,0.0,1.0,0.2631578947368421,0.6000000000000001,1.0,0.5,0.5,0.4444444444444445,0.5,0.5,0.4,0.30000000000000004,0.25,0.0,0.3333333333333333,1.0,0.5,0.5,0.25,0.6666666666666666,0.17550274223034734,0.6666666666666666,0.0,0.12411118293471235,0.5,1.0,0.6047204433685454,0.0,0.0,0.0,0.375,0.3333333333333333,0.3333333333333333,0.2727272727272727,0.3333333333333333,0.3333333333333333,0.5,0.4205607476635514,0.3333333333333333,0.5,0.4583333333333333,1.0,0.0,0.09140767824497258,0.0,0.0,0.0,0.09090909090909093,0.25,0.6666666666666666,0.75,0.0,0.0,130000
0.2352941176470588,0.75,0.6031913551832246,0.6270717472970864,0.3333333333333333,0.5,0.6842105263157894,0.6000000000000001,1.0,0.5,1.0,0.6666666666666665,0.5,0.5,0.9,0.9,0.25,0.0,0.6666666666666666,1.0,1.0,0.75,0.25,0.8333333333333333,0.0,0.6666666666666666,0.0,0.2779573367808662,1.0,1.0,0.3305017381422206,0.47304730473047296,0.0,0.5,0.375,0.3333333333333333,0.6666666666666666,0.3636363636363637,1.0,0.0,0.75,0.018691588785046728,0.6666666666666666,0.5,0.45272435897435903,1.0,0.0,0.1279707495429616,0.0,0.0,0.0,0.6363636363636364,0.0,0.6666666666666666,0.75,0.0,0.0,196500
0.0,0.75,0.2833497820494679,0.4094763627078475,0.3333333333333333,0.5,0.7894736842105263,0.6000000000000001,1.0,0.5,0.8333333333333333,0.6666666666666665,0.5,1.0,0.5,0.6000000000000001,0.5,0.03375,0.3333333333333333,1.0,0.5,0.75,0.25,0.6666666666666666,0.4812614259597806,0.6666666666666666,0.0,0.4230769230769231,0.5,1.0,0.5954094675936097,0.0,0.5,0.0,0.25,0.3333333333333333,0.3333333333333333,0.2727272727272727,1.0,0.3333333333333333,0.5,0.14953271028037382,1.0,0.5,0.3878205128205128,1.0,0.0,0.10603290676416817,0.0,0.1875,0.0,0.5454545454545454,0.0,0.6666666666666666,0.75,0.0,0.0,180000
0.0,1.0,0.6393796096327964,0.6267681066673907,0.3333333333333333,0.5,0.8421052631578947,0.6000000000000001,1.0,0.5,0.8333333333333333,0.6666666666666665,0.5,0.5,1.0,1.0,0.75,0.017124999999999998,0.6666666666666666,1.0,1.0,0.75,0.25,0.8333333333333333,0.0,0.6666666666666666,0.0,0.4615384615384615,1.0,1.0,0.6339130117513371,0.0,0.0,0.0,0.375,0.3333333333333333,0.6666666666666666,0.2727272727272727,1.0,0.0,0.5,0.009345794392523364,1.0,0.5,0.3846153846153846,1.0,0.0,0.21937842778793415,0.0,0.0,0.0,1.0,0.5,1.0,1.0,0.0,0.0,182000
0.2352941176470588,0.75,0.19968985790685576,0.5753890775636687,0.3333333333333333,0.5,0.6842105263157894,1.0,1.0,0.5,1.0,0.6666666666666665,0.625,0.5,0.9,0.9,0.25,0.0,0.6666666666666666,1.0,1.0,0.75,0.75,1.0,0.17595978062157222,1.0,0.2333785617367707,0.2582417582417582,1.0,1.0,0.3070905053920208,0.4587458745874588,0.5,0.5,0.375,0.3333333333333333,0.6666666666666666,0.2727272727272727,1.0,0.3333333333333333,0.5,0.12149532710280372,0.6666666666666666,0.5,0.4407051282051282,1.0,0.21467391304347824,0.11151736745886656,0.0,0.0,0.0,0.2727272727272727,0.75,0.3333333333333333,0.75,0.0,0.0,212000
0.0,0.75,0.6566252423110017,0.6783525844701845,0.3333333333333333,0.5,1.0,0.6000000000000001,1.0,0.5,0.8333333333333333,0.7777777777777777,0.5,1.0,0.9,0.9,0.5,0.19125,1.0,1.0,1.0,1.0,0.25,0.8333333333333333,0.0,0.6666666666666666,0.0,0.6599870717517776,1.0,1.0,0.8479082711206938,0.0,0.0,0.5,0.375,0.3333333333333333,1.0,0.4545454545454546,1.0,0.3333333333333333,0.75,0.0,0.6666666666666666,0.75,1.113782051282051,1.0,0.0,0.16453382084095064,0.0,0.0,0.0,0.6363636363636364,0.75,1.0,1.0,0.0,0.0,253293
0.4117647058823529,0.75,0.4115451049098808,0.4944007669323316,0.3333333333333333,0.5,0.3684210526315789,0.6000000000000001,1.0,0.25,0.8333333333333333,0.4444444444444445,0.5,0.5,0.7000000000000001,0.5,0.25,0.0,0.3333333333333333,1.0,0.5,0.5,0.25,0.6666666666666666,0.7340036563071298,0.6666666666666666,0.0,0.5585003232062056,0.5,1.0,0.7480082461060316,0.0,1.0,0.0,0.5,0.6666666666666666,0.3333333333333333,0.4545454545454546,1.0,0.0,0.5,0.2803738317757009,0.3333333333333333,0.5,0.4487179487179487,1.0,0.0,0.0,0.0,0.0,0.0,0.5454545454545454,0.0,0.6666666666666666,0.5,0.0,0.0,188000
0.2352941176470588,0.75,0.3844819395240602,0.8380358930743057,0.3333333333333333,0.5,0.5263157894736842,0.4,1.0,0.5,1.0,0.6666666666666665,0.75,0.5,0.7000000000000001,0.5,0.5,0.02125,0.3333333333333333,1.0,0.5,0.5,0.25,0.6666666666666666,0.36334552102376605,0.6666666666666666,0.0,0.25694893341952163,0.25,1.0,0.6504424873660911,0.4372937293729373,0.5,0.5,0.375,0.3333333333333333,0.6666666666666666,0.5454545454545455,1.0,0.3333333333333333,0.5,0.27102803738317754,1.0,0.5,0.4318910256410256,1.0,0.0,0.4570383912248629,0.0,0.0,0.0,0.1818181818181818,0.0,0.6666666666666666,0.75,0.0,0.0,235000
0.588235294117647,0.75,0.3156709532065991,0.0038010713916438728,0.3333333333333333,0.5,0.42105263157894735,0.6000000000000001,1.0,0.75,0.8333333333333333,0.5555555555555556,0.625,0.5,0.7000000000000001,0.5,0.25,0.0,0.3333333333333333,1.0,0.5,0.75,0.25,0.6666666666666666,0.2554844606946984,0.6666666666666666,0.0,0.34550743374272785,0.5,1.0,0.4606661231476461,0.0,0.0,0.0,0.25,0.3333333333333333,0.3333333333333333,0.09090909090909094,1.0,0.0,0.75,0.2897196261682243,0.6666666666666666,0.5,0.3525641025641025,1.0,0.0,0.10054844606946983,0.0,0.4166666666666667,0.0,0.8181818181818182,0.5,0.0,0.0,0.0,0.0,140000
0.2352941176470588,0.75,0.3844819395240602,0.8684646798094233,0.3333333333333333,0.5,0.42105263157894735,0.6000000000000001,1.0,0.5,1.0,0.6666666666666665,0.75,0.5,0.2,0.2,0.25,0.0,0.6666666666666666,1.0,0.5,0.5,1.0,0.3333333333333333,0.05712979890310786,1.0,0.6994572591587517,0.3852617970265029,0.5,1.0,0.6696933370751911,0.3580858085808581,0.5,0.5,0.375,0.3333333333333333,0.6666666666666666,0.5454545454545455,1.0,0.6666666666666666,0.75,0.308411214953271,0.6666666666666666,0.5,0.4150641025641025,1.0,0.2989130434782609,0.08592321755027423,0.0,0.0,0.0,0.5454545454545454,0.25,0.6666666666666666,0.75,0.0,0.0,294000
0.0,0.75,0.5776838802086337,0.5747259156640521,0.3333333333333333,0.5,1.0,0.6000000000000001,1.0,0.5,0.8333333333333333,0.7777777777777777,0.5,0.5,0.9,0.9,0.5,0.185,0.6666666666666666,1.0,1.0,0.75,0.25,1.0,0.5137111517367459,0.0,0.32496607869742195,1.0361990950226243,1.0,1.0,0.7127078299979073,0.0,0.5,0.0,0.375,0.3333333333333333,0.6666666666666666,0.3636363636363637,1.0,0.3333333333333333,0.75,0.05607476635514018,0.6666666666666666,0.75,0.7051282051282051,1.0,0.0,0.0,0.0,0.0,0.0,0.8181818181818182,0.75,0.6666666666666666,0.75,0.0,0.0,284000
0.2352941176470588,0.75,0.3844819395240602,0.5935002206628273,0.3333333333333333,0.5,0.9473684210526316,0.6000000000000001,1.0,0.5,1.0,0.7777777777777777,0.5,0.5,0.9,0.9,0.5,0.045,0.6666666666666666,1.0,1.0,0.75,0.25,0.8333333333333333,0.0,0.6666666666666666,0.0,0.3131868131868132,1.0,1.0,0.4189457567409289,0.7084708470847084,0.0,0.5,0.5,0.3333333333333333,0.6666666666666666,0.4545454545454546,1.0,0.3333333333333333,0.5,0.06542056074766353,1.0,0.75,0.5192307692307692,1.0,0.0,0.10237659963436928,0.0,0.0,0.0,0.4545454545454545,0.25,0.6666666666666666,0.75,0.0,0.0,248000
0.0,0.75,0.4288805731761245,0.339698425160436,0.3333333333333333,0.5,0.2631578947368421,0.6000000000000001,1.0,0.5,0.8333333333333333,0.4444444444444445,0.5,0.5,0.5,0.6000000000000001,0.5,0.0375,0.3333333333333333,1.0,0.5,0.5,0.25,0.5,0.1974405850091408,0.6666666666666666,0.0,0.2882999353587589,0.5,1.0,0.3523609349427983,0.0,0.0,0.0,0.375,0.3333333333333333,0.3333333333333333,0.18181818181818188,1.0,0.0,0.75,0.3925233644859813,0.6666666666666666,0.25,0.23076923076923075,1.0,0.0,0.0,0.0,0.0,0.0,0.5454545454545454,0.75,0.6666666666666666,0.75,0.0,0.0,100000
0.2352941176470588,0.75,0.4026698781743716,0.4235796549547377,0.3333333333333333,0.5,0.5789473684210527,0.6000000000000001,1.0,0.5,1.0,0.6666666666666665,0.5,0.5,0.9,0.9,0.25,0.0,0.6666666666666666,1.0,1.0,0.75,0.25,0.8333333333333333,0.0,0.6666666666666666,0.0,0.27149321266968324,1.0,1.0,0.3164227600034564,0.48404840484048406,0.0,0.5,0.375,0.3333333333333333,0.6666666666666666,0.3636363636363637,1.0,0.3333333333333333,0.75,0.02803738317757009,1.0,0.5,0.3525641025641025,1.0,0.1358695652173913,0.08775137111517367,0.0,0.0,0.0,0.3636363636363637,0.25,0.6666666666666666,0.75,0.0,0.0,183500
0.0,0.75,0.5644763553627146,0.5283826634973892,0.3333333333333333,0.5,0.8421052631578947,0.6000000000000001,1.0,0.5,0.8333333333333333,0.6666666666666665,0.625,1.0,0.9,0.9,1.0,0.0,0.6666666666666666,1.0,1.0,0.75,0.75,0.8333333333333333,0.0,0.6666666666666666,0.0,0.5458952811893988,1.0,1.0,0.73434957303563,0.0,0.0,0.0,0.375,0.3333333333333333,0.6666666666666666,0.3636363636363637,1.0,0.0,0.75,0.0,0.6666666666666666,0.75,0.7644230769230769,1.0,0.0,0.10237659963436928,0.0,0.0,0.0,0.4545454545454545,0.25,1.0,1.0,0.0,0.0,248328
0.0,0.75,0.4856136113367493,0.5462348065983873,0.3333333333333333,0.5,0.2631578947368421,0.6000000000000001,1.0,0.5,0.8333333333333333,0.4444444444444445,0.5,1.0,0.4,0.30000000000000004,0.5,0.075,0.3333333333333333,1.0,0.5,0.5,0.25,0.5,0.26782449725776963,0.6666666666666666,0.0,0.3387201034259857,0.5,1.0,0.4487952488917855,0.0,0.5,0.0,0.375,0.3333333333333333,0.3333333333333333,0.2727272727272727,1.0,0.0,0.5,0.4766355140186915,0.3333333333333333,0.25,0.22916666666666666,1.0,0.0,0.03656307129798903,0.0,0.4,0.0,0.4545454545454545,0.25,0.6666666666666666,0.75,0.0,0.0,135000
0.2352941176470588,0.75,0.8301723392450169,0.927110300134932,1.0,0.5,0.5789473684210527,0.6000000000000001,1.0,0.5,1.0,0.6666666666666665,0.5,0.5,0.9,0.9,0.5,0.28500000000000003,0.6666666666666666,1.0,1.0,0.75,0.5,1.0,0.026051188299817184,0.6666666666666666,0.0,0.44990303813833227,1.0,1.0,0.6186356976140908,0.5885588558855885,0.5,0.5,0.5,0.3333333333333333,0.6666666666666666,0.5454545454545455,1.0,0.3333333333333333,0.75,0.0,0.6666666666666666,0.5,0.4615384615384615,1.0,0.3247282608695652,0.2413162705667276,0.0,0.0,0.0,0.1818181818181818,0.0,1.0,1.0,0.0,0.0,320000
0.0,0.75,0.3844819395240602,0.6157314966451972,0.3333333333333333,0.5,0.6842105263157894,0.6000000000000001,1.0,0.5,0.8333333333333333,0.7777777777777777,0.5,0.5,0.9,0.9,0.5,0.299375,0.6666666666666666,1.0,1.0,0.75,0.75,1.0,0.6206581352833638,0.6666666666666666,0.0,0.510989010989011,1.0,1.0,0.7023340648817524,0.0,0.5,0.0,0.375,0.3333333333333333,0.6666666666666666,0.2727272727272727,1.0,0.3333333333333333,0.5,0.08411214953271028,0.6666666666666666,0.5,0.5368589743589743,1.0,0.24456521739130435,0.0,0.0,0.0,0.0,0.3636363636363637,1.0,0.6666666666666666,0.75,0.0,0.0,272000
0.0,0.75,0.4699875121802351,0.4817824325356019,0.3333333333333333,0.5,0.2631578947368421,0.2,1.0,0.5,0.8333333333333333,0.4444444444444445,0.5,0.5,0.9,0.9,0.25,0.0,0.3333333333333333,1.0,0.5,0.5,0.25,0.5,0.2381170018281536,0.5,0.1180461329715061,0.2792501616031028,0.5,1.0,0.3332782116350113,0.0,0.5,0.0,0.375,0.3333333333333333,0.3333333333333333,0.18181818181818188,1.0,0.0,0.75,0.3925233644859813,0.3333333333333333,0.5,0.5,1.0,0.0,0.0,0.0,0.0,0.0,0.5454545454545454,0.0,0.6666666666666666,0.75,0.0,0.0,129900
0.17647058823529413,0.25,0.2833497820494679,0.236386812684934,0.3333333333333333,0.5,0.15789473684210525,0.6000000000000001,1.0,0.5,0.16666666666666666,0.5555555555555556,1.0,0.5,0.4,0.30000000000000004,0.25,0.0,0.6666666666666666,1.0,0.25,0.5,0.25,0.8333333333333333,0.0,0.6666666666666666,0.0,0.2255979314802844,0.5,1.0,0.27666673250910456,0.2145214521452145,0.0,0.0,0.25,0.3333333333333333,0.3333333333333333,0.09090909090909094,1.0,0.0,0.75,0.09345794392523364,0.3333333333333333,0.5,0.5,0.0,0.2853260869565217,0.0,0.0,0.0,0.0,0.5454545454545454,0.75,0.6666666666666666,0.75,0.0,0.0,134900
0.0,0.75,0.3844819395240602,0.6613205450908239,0.3333333333333333,0.5,0.2631578947368421,0.6000000000000001,1.0,0.5,0.8333333333333333,0.4444444444444445,0.5,1.0,0.2,0.2,0.25,0.0,0.3333333333333333,1.0,0.5,0.5,0.25,0.8333333333333333,0.0,0.6666666666666666,0.0,0.3160956690368455,0.5,1.0,0.631393728180814,0.0,0.0,0.0,0.375,0.3333333333333333,0.3333333333333333,0.2727272727272727,0.3333333333333333,0.3333333333333333,0.5,0.4392523364485981,0.6666666666666666,0.25,0.22916666666666666,1.0,0.0,0.0,0.0932642487046632,0.0,0.0,0.6363636363636364,0.25,0.6666666666666666,0.75,0.0,0.0,139900
0.0,0.75,0.6093890714722223,0.8574468779490845,0.3333333333333333,0.5,0.3684210526315789,0.6000000000000001,1.0,0.5,0.8333333333333333,0.4444444444444445,0.5,0.5,0.9,0.9,0.25,0.0,0.3333333333333333,1.0,1.0,0.75,0.25,0.8333333333333333,0.0,0.6666666666666666,0.0,0.3684550743374273,1.0,1.0,0.4991414460159516,0.0,0.0,0.0,0.375,0.3333333333333333,0.3333333333333333,0.2727272727272727,1.0,0.0,0.75,0.11962616822429865,0.0,0.0,0.0,1.0,0.04891304347826087,0.10237659963436928,0.0,0.0,0.0,0.5454545454545454,0.0,0.6666666666666666,0.0,0.0,1.0,84500
0.0,0.75,0.3844816966931084,0.5988320581571989,0.6666666666666666,0.5,0.10526315789473684,0.6000000000000001,1.0,0.5,0.8333333333333333,0.3333333333333333,0.75,0.5,0.4,0.30000000000000004,0.25,0.0,0.3333333333333333,1.0,0.5,0.0,0.0,0.0,0.0,0.0,0.0,0.0,1.0,1.0,0.37732229404702666,0.0,0.0,0.0,0.25,0.3333333333333333,0.6666666666666666,0.2727272727272727,1.0,0.0,0.5,0.5981308411214953,0.3333333333333333,0.25,0.24679487179487175,1.0,0.0,0.0,0.0,0.0,0.0,0.2727272727272727,1.0,0.6666666666666666,0.0,1.0,0.0,84900
0.0,0.75,0.5440560186071031,0.4402086838547188,0.3333333333333333,0.5,0.21052631578947367,0.6000000000000001,1.0,0.5,0.8333333333333333,0.4444444444444445,0.625,1.0,0.5,0.6000000000000001,0.25,0.0,0.3333333333333333,1.0,0.5,0.5,0.25,1.0,0.28793418647166363,0.6666666666666666,0.0,0.31351001939237233,0.5,1.0,0.4025188154507142,0.0,0.5,0.0,0.25,0.3333333333333333,0.3333333333333333,0.18181818181818188,1.0,0.0,0.25,0.10280373831775699,0.3333333333333333,0.5,0.5,1.0,0.0,0.043875685557586835,0.0,0.4,0.0,0.5454545454545454,0.25,0.6666666666666666,0.75,0.0,0.0,132500
0.2352941176470588,0.75,0.4699875121802351,0.43462414894188495,0.3333333333333333,0.5,0.5263157894736842,0.6000000000000001,1.0,0.5,1.0,0.7777777777777777,0.625,0.5,0.9,0.9,0.25,0.0,0.6666666666666666,1.0,1.0,0.75,0.25,1.0,0.2938756855575869,0.6666666666666666,0.0,0.2617970265029089,1.0,1.0,0.29466294514215585,0.4702970297029703,0.5,0.5,0.375,0.3333333333333333,0.6666666666666666,0.2727272727272727,1.0,0.0,0.75,0.07476635514018691,1.0,0.5,0.4230769230769231,1.0,0.0,0.08226691042047532,0.0,0.0,0.0,0.9090909090909092,0.75,0.6666666666666666,0.75,0.0,0.0,227000
0.1176470588235294,0.25,0.2833497820494679,0.4817824325356019,0.3333333333333333,0.5,0.15789473684210525,0.8,0.0,0.5,0.8333333333333333,0.4444444444444445,0.625,0.5,0.9,0.9,0.25,0.0,0.3333333333333333,1.0,0.25,0.5,0.25,0.8333333333333333,0.0,0.6666666666666666,0.0,0.2398190045248869,0.5,0.6666666666666666,0.27131423323822634,0.0,0.0,0.0,0.25,0.3333333333333333,0.3333333333333333,0.09090909090909094,1.0,0.0,0.75,0.18691588785046728,0.3333333333333333,0.25,0.24679487179487175,0.5,0.0,0.0,0.0,0.0,0.0,0.6363636363636364,0.5,0.6666666666666666,0.75,0.0,0.0,79500
0.058823529411764684,0.75,0.3462120520447619,0.006273193586132209,0.3333333333333333,0.5,0.10526315789473684,0.2,1.0,0.5,0.8333333333333333,0.4444444444444445,0.875,0.5,0.2,0.2,0.25,0.0,0.3333333333333333,1.0,1.0,0.25,0.25,0.8333333333333333,0.0,0.6666666666666666,0.0,0.2792501616031028,1.0,1.0,0.3332782116350113,0.0,0.0,0.0,0.25,0.3333333333333333,0.3333333333333333,0.09090909090909094,1.0,0.0,0.75,0.14766355140186874,0.0,0.0,0.0,1.0,0.0,0.17550274223034734,0.0,0.0,0.0,0.5454545454545454,0.75,0.6666666666666666,0.75,0.0,1.0,99900
0.0,0.75,0.5776838802086337,0.3246764323581708,0.3333333333333333,0.5,0.21052631578947367,0.2,1.0,0.5,0.8333333333333333,0.3333333333333333,0.5,0.5,0.9,0.9,0.25,0.0,0.3333333333333333,1.0,0.5,0.5,0.25,0.6666666666666666,0.4259597806215722,0.6666666666666666,0.0,0.3361344537815126,0.5,1.0,0.4885512763861368,0.0,0.5,0.5,0.375,0.3333333333333333,0.0,0.18181818181818188,1.0,0.0,0.75,0.4299065420560748,0.6666666666666666,0.5,0.4358974358974359,1.0,0.22826086956521735,0.0,0.0,0.0,0.0,0.3636363636363637,0.25,0.6666666666666666,0.75,0.0,0.0,129000
0.0,0.75,0.8544692088733432,0.9197678349041762,0.3333333333333333,0.5,0.5789473684210527,0.6000000000000001,1.0,0.5,0.8333333333333333,0.3333333333333333,0.5,0.5,0.9,0.9,0.25,0.0,0.3333333333333333,1.0,0.5,0.5,0.25,0.3333333333333333,0.05484460694698354,0.6666666666666666,0.0,0.2792501616031028,1.0,1.0,0.3332782116350113,0.0,0.0,0.0,0.25,0.3333333333333333,0.3333333333333333,0.09090909090909094,1.0,0.0,0.75,0.5514018691588785,0.3333333333333333,0.5,0.3205128205128205,1.0,0.0,0.0,0.0,0.0,0.0,0.4545454545454545,1.0,0.6666666666666666,0.75,0.0,0.0,141000
0.2352941176470588,0.75,0.6215805476603935,0.5443747765700824,0.3333333333333333,0.5,0.9473684210526316,0.6000000000000001,1.0,0.5,1.0,0.7777777777777777,0.5,1.0,0.9,0.9,0.5,0.244375,0.6666666666666666,1.0,1.0,0.75,0.25,1.0,0.3382084095063985,0.6666666666666666,0.0,0.3765352294764059,1.0,1.0,0.5313256654515537,0.7277227722772277,0.5,0.5,0.5,0.3333333333333333,0.6666666666666666,0.4545454545454546,1.0,0.3333333333333333,0.5,0.11214953271028036,0.6666666666666666,0.75,0.6762820512820512,1.0,0.4198369565217392,0.1425959780621572,0.0,0.0,0.0,1.0,0.0,0.6666666666666666,0.75,0.0,0.0,290000
0.0,0.75,0.3844819395240602,0.7046548689915255,0.3333333333333333,0.5,0.21052631578947367,1.0,1.0,0.5,0.8333333333333333,0.4444444444444445,0.5,0.5,0.2,0.5,0.25,0.0,0.3333333333333333,1.0,1.0,0.75,0.5,0.5,0.4862888482632541,0.6666666666666666,0.0,0.4469941822882999,0.5,1.0,0.6147546312665111,0.0,0.5,0.0,0.375,0.3333333333333333,0.3333333333333333,0.2727272727272727,1.0,0.3333333333333333,0.75,0.5046728971962616,0.3333333333333333,0.25,0.2836538461538461,1.0,0.6942934782608695,0.2120658135283364,0.0,0.0,0.0,0.4545454545454545,0.5,0.6666666666666666,0.75,0.0,0.0,165000
0.0,0.75,0.4778555850536959,0.4873883445650407,0.0,0.5,0.3684210526315789,0.6000000000000001,1.0,0.5,0.8333333333333333,0.5555555555555556,0.5,0.5,0.9,0.9,0.25,0.0,0.3333333333333333,0.3333333333333333,1.0,0.5,0.25,0.6666666666666666,0.15356489945155394,0.6666666666666666,0.0,0.35035552682611504,0.5,1.0,0.4667914615248372,0.0,0.0,0.5,0.375,0.3333333333333333,0.3333333333333333,0.18181818181818188,1.0,0.0,0.75,0.22429906542056072,0.3333333333333333,0.5,0.3878205128205128,1.0,0.16304347826086954,0.0,0.4093264248704663,0.0,0.0,0.4545454545454545,0.25,0.6666666666666666,0.75,0.0,0.0,134000
0.588235294117647,0.25,0.11632984717362205,0.05832267828608195,0.3333333333333333,0.5,0.6842105263157894,0.6000000000000001,1.0,0.75,0.8333333333333333,0.5555555555555556,0.5,0.5,0.9,0.9,0.5,0.105625,0.6666666666666666,1.0,1.0,0.75,0.5,1.0,0.30255941499085925,0.6666666666666666,0.0,0.2740788623141564,1.0,1.0,0.32209416705416993,0.0,0.5,0.0,0.125,0.3333333333333333,0.6666666666666666,0.0,1.0,0.3333333333333333,0.75,0.018691588785046728,0.6666666666666666,0.5,0.3365384615384615,1.0,0.1902173913043478,0.0,0.0,0.0,0.0,0.3636363636363637,0.0,0.6666666666666666,0.75,0.0,0.0,155900
0.0,0.75,0.5370786959534646,0.4693509703091987,0.3333333333333333,0.5,0.2631578947368421,0.6000000000000001,1.0,0.5,0.8333333333333333,0.5555555555555556,0.625,1.0,0.8,0.8,0.25,0.0,0.3333333333333333,1.0,0.5,0.5,0.5,0.6666666666666666,0.2993601462522852,0.6666666666666666,0.0,0.2117000646412411,1.0,1.0,0.5268325607525202,0.0,0.0,0.0,0.375,0.3333333333333333,0.3333333333333333,0.2727272727272727,1.0,0.3333333333333333,0.25,0.4859813084112149,1.0,0.5,0.4318910256410256,1.0,0.0,0.0,0.4974093264248705,0.0,0.0,0.5454545454545454,0.0,0.6666666666666666,0.75,0.0,0.0,159500
0.0,0.75,0.3844819395240602,0.4853969470756541,0.3333333333333333,0.5,0.5263157894736842,1.0,1.0,0.5,0.8333333333333333,0.5555555555555556,0.75,1.0,0.8,0.8,0.25,0.0,0.3333333333333333,1.0,0.5,0.5,0.25,0.8333333333333333,0.0,0.6666666666666666,0.0,0.4812540400775695,0.75,1.0,0.6589410463719525,0.0,0.0,0.0,0.375,0.3333333333333333,0.6666666666666666,0.3636363636363637,1.0,0.3333333333333333,0.75,0.3831775700934579,0.6666666666666666,0.5,0.3701923076923077,1.0,0.0,0.0,0.0,0.0,0.0,0.6363636363636364,0.75,0.6666666666666666,0.75,0.0,0.0,185750
0.0,0.75,0.3844819395240602,0.5056986015628606,0.3333333333333333,0.5,0.2631578947368421,0.6000000000000001,1.0,0.5,0.8333333333333333,0.4444444444444445,0.5,0.5,0.5,0.6000000000000001,0.5,0.040625,0.3333333333333333,1.0,0.5,0.5,0.25,0.16666666666666666,0.15539305301645334,0.6666666666666666,0.0,0.2792501616031028,0.5,1.0,0.3523609349427983,0.0,0.0,0.0,0.375,0.3333333333333333,0.3333333333333333,0.18181818181818188,1.0,0.0,0.75,0.3925233644859813,0.6666666666666666,0.25,0.21153846153846154,1.0,0.0,0.0,0.0,0.0,0.0,0.8181818181818182,0.5,0.6666666666666666,0.75,0.0,0.0,110000
0.17647058823529413,0.25,0.15957432191399445,0.17822691302134874,0.3333333333333333,0.5,0.0,0.6000000000000001,1.0,0.5,0.16666666666666666,0.3333333333333333,0.875,0.5,0.9,0.9,0.25,0.0,0.3333333333333333,0.3333333333333333,0.25,0.5,0.25,0.5,0.3359232175502742,0.6666666666666666,0.0,0.2572721396250808,0.75,1.0,0.2842310426641812,0.1969196919691969,0.5,0.0,0.375,0.3333333333333333,0.6666666666666666,0.3636363636363637,1.0,0.0,0.75,0.8224299065420559,0.3333333333333333,0.25,0.1923076923076923,0.0,0.0,0.17550274223034734,0.0,0.0,0.0,0.3636363636363637,1.0,0.6666666666666666,0.75,0.0,0.0,125500
0.0,0.75,0.4115451049098808,0.5778693077100092,0.3333333333333333,0.5,0.3684210526315789,0.6000000000000001,1.0,0.5,0.8333333333333333,0.4444444444444445,0.5,0.5,0.5,0.6000000000000001,0.25,0.0,0.3333333333333333,1.0,1.0,0.75,0.5,0.5,0.09689213893967093,0.6666666666666666,0.0,0.3148028442146089,0.5,1.0,0.4049810780368763,0.0,0.0,0.0,0.375,0.3333333333333333,0.3333333333333333,0.18181818181818188,1.0,0.0,0.5,0.128971962616822,0.0,0.0,0.0,1.0,0.0,0.05118829981718465,0.0,0.0,0.0,0.7272727272727273,0.25,0.3333333333333333,0.0,0.0,1.0,93500
0.17647058823529413,0.75,0.3844816966931084,0.5826895683227731,0.3333333333333333,0.5,0.05263157894736842,0.6000000000000001,1.0,0.5,0.16666666666666666,0.4444444444444445,0.875,0.5,0.2,0.2,0.25,0.0,0.3333333333333333,1.0,0.5,0.25,0.25,0.6666666666666666,0.2861060329067642,0.6666666666666666,0.0,0.2572721396250808,0.75,1.0,0.4755905754575189,0.20352035203520352,0.0,0.0,0.375,0.3333333333333333,0.6666666666666666,0.3636363636363637,0.3333333333333333,0.3333333333333333,0.5,0.5233644859813084,0.3333333333333333,0.5,0.45352564102564097,1.0,0.592391304347826,0.038391224862888484,0.0,0.0,0.0,0.2727272727272727,0.0,0.6666666666666666,0.75,0.0,0.0,170000
0.0,0.75,0.4856136113367493,0.4668328883250848,0.3333333333333333,0.5,0.2631578947368421,0.6000000000000001,1.0,0.5,0.8333333333333333,0.4444444444444445,0.875,0.5,0.9,0.9,0.5,0.1875,0.3333333333333333,1.0,0.5,0.5,0.25,0.6666666666666666,0.2719378427787934,0.6666666666666666,0.0,0.29476405946994183,1.0,1.0,0.3656281961261248,0.0,0.5,0.0,0.25,0.3333333333333333,0.6666666666666666,0.18181818181818188,1.0,0.0,0.75,0.14953271028037382,0.3333333333333333,0.5,0.4615384615384615,1.0,0.0,0.4387568555758684,0.0,0.0,0.0,1.0,0.5,0.6666666666666666,0.75,0.0,0.0,147000
0.17647058823529413,0.25,0.2833497820494679,0.236386812684934,0.3333333333333333,0.5,0.05263157894736842,0.6000000000000001,1.0,0.5,0.16666666666666666,0.2222222222222222,0.75,0.5,0.4,0.30000000000000004,0.25,0.0,0.3333333333333333,0.3333333333333333,0.5,0.5,0.25,0.6666666666666666,0.15127970749542966,0.6666666666666666,0.0,0.20976082740788626,1.0,1.0,0.1891098657451664,0.2772277227722772,0.0,0.5,0.25,0.3333333333333333,0.3333333333333333,0.2727272727272727,1.0,0.0,0.5,0.24299065420560745,0.3333333333333333,0.25,0.24679487179487175,1.0,0.0,0.3217550274223035,0.0,0.0,0.0,0.4545454545454545,0.25,0.6666666666666666,0.75,0.0,0.0,120000
0.3529411764705882,0.75,0.5776838802086337,0.4977499144904965,0.3333333333333333,0.5,0.2631578947368421,0.6000000000000001,1.0,0.5,0.5,0.5555555555555556,0.75,1.0,0.5,0.6000000000000001,0.5,0.0675,0.3333333333333333,1.0,0.5,0.75,1.0,0.3333333333333333,0.12340036563071298,1.0,0.3934871099050203,0.42081447963800905,1.0,1.0,0.5786433788124996,0.0,0.0,0.0,0.375,0.3333333333333333,0.6666666666666666,0.3636363636363637,0.3333333333333333,0.0,0.75,0.4018691588785047,0.6666666666666666,0.25,0.24759615384615385,1.0,0.45244565217391297,0.0,0.0,0.0,0.0,0.8181818181818182,0.25,0.3333333333333333,0.75,0.0,0.0,158000
0.2352941176470588,0.75,0.3844819395240602,0.7073982588054015,0.3333333333333333,0.5,0.9473684210526316,0.6000000000000001,1.0,0.5,1.0,0.6666666666666665,0.5,0.5,0.5,0.6000000000000001,0.25,0.0,0.6666666666666666,1.0,1.0,0.75,0.25,1.0,0.3327239488117002,0.6666666666666666,0.0,0.35391079508726564,1.0,1.0,0.5126342580886925,0.621012101210121,0.5,0.5,0.5,0.3333333333333333,0.6666666666666666,0.5454545454545455,1.0,0.3333333333333333,0.5,0.1308411214953271,0.6666666666666666,0.5,0.4727564102564102,1.0,0.0,0.07312614259597806,0.0,0.0,0.0,0.5454545454545454,0.0,0.6666666666666666,0.75,0.0,0.0,268000
0.38235294117647056,0.75,0.5008115438667311,0.4580012840595274,0.3333333333333333,0.5,0.21052631578947367,0.6000000000000001,1.0,0.5,0.3333333333333333,0.4444444444444445,0.625,1.0,0.5,0.6000000000000001,0.25,0.0,0.3333333333333333,1.0,0.5,0.5,0.75,0.6666666666666666,0.3071297989031079,0.6666666666666666,0.0,0.27149321266968324,0.5,1.0,0.3305017381422206,0.0,0.5,0.0,0.25,0.3333333333333333,0.3333333333333333,0.09090909090909094,1.0,0.0,0.75,0.12149532710280372,0.3333333333333333,0.5,0.4230769230769231,1.0,0.0,0.0,0.0,0.0,0.0,0.5454545454545454,0.75,0.6666666666666666,0.75,0.0,0.0,137000
0.0,0.75,0.3844819395240602,0.8214295316814777,0.6666666666666666,0.5,0.4736842105263158,0.6000000000000001,1.0,0.5,0.8333333333333333,0.6666666666666665,0.5,0.5,0.9,0.9,0.25,0.0,0.6666666666666666,1.0,1.0,0.75,1.0,1.0,0.6595063985374772,0.6666666666666666,0.0,0.4789915966386554,1.0,1.0,0.6609468443081945,0.0,0.5,0.0,0.375,0.3333333333333333,0.6666666666666666,0.18181818181818188,1.0,0.3333333333333333,0.25,0.08411214953271028,0.6666666666666666,0.5,0.4118589743589744,1.0,0.5461956521739131,0.04570383912248629,0.0,0.0,0.0,0.6363636363636364,0.25,0.6666666666666666,0.75,0.0,0.0,215000
0.0,0.75,0.4699875121802351,0.4007751589225821,0.3333333333333333,0.5,0.2631578947368421,0.6000000000000001,1.0,0.5,0.8333333333333333,0.4444444444444445,0.5,1.0,0.8,0.5,0.25,0.0,0.3333333333333333,1.0,0.5,0.5,0.25,0.5,0.5246800731261426,0.6666666666666666,0.0,0.3710407239819005,0.5,1.0,0.503325581696751,0.0,0.5,0.0,0.375,0.3333333333333333,0.3333333333333333,0.2727272727272727,1.0,0.0,0.5,0.4672897196261682,0.3333333333333333,0.25,0.5384615384615384,1.0,0.0,0.0,0.0,0.0,0.0,0.5454545454545454,0.75,0.6666666666666666,0.75,0.0,0.0,132500
0.2352941176470588,0.75,0.3844819395240602,0.7668093212834419,0.3333333333333333,0.5,0.5789473684210527,0.2,1.0,0.5,1.0,0.4444444444444445,0.625,0.5,0.7000000000000001,0.5,0.25,0.0,0.3333333333333333,1.0,0.0,0.0,0.0,0.0,0.0,0.0,0.0,0.0,0.75,1.0,0.6818048821125244,0.396039603960396,0.0,0.0,0.25,0.3333333333333333,0.3333333333333333,0.3636363636363637,1.0,0.3333333333333333,0.5,0.2523364485981308,0.3333333333333333,0.5,0.5384615384615384,0.5,0.16304347826086954,0.263254113345521,0.0,0.0,0.0,0.3636363636363637,0.0,0.6666666666666666,0.75,1.0,0.0,169000
0.3529411764705882,0.75,0.3844819395240602,0.5516649281904291,0.3333333333333333,0.5,0.21052631578947367,0.6000000000000001,1.0,0.5,0.5,0.3333333333333333,1.0,0.5,0.9,0.9,0.25,0.0,0.3333333333333333,0.3333333333333333,0.5,0.5,0.75,1.0,0.2961608775137112,0.6666666666666666,0.0,0.2094376212023271,1.0,1.0,0.3963184598191787,0.0,0.5,0.0,0.0,0.3333333333333333,0.3333333333333333,0.0,1.0,0.0,0.5,0.3831775700934579,0.3333333333333333,0.25,0.29166666666666663,1.0,0.11956521739130435,0.0,0.0,0.0,0.0,0.3636363636363637,0.0,0.6666666666666666,0.75,0.0,0.0,145000
0.0,0.75,0.6093890714722223,0.6066356692230332,0.3333333333333333,0.5,0.6842105263157894,0.6000000000000001,1.0,0.5,0.8333333333333333,0.8888888888888888,0.5,1.0,0.9,0.9,1.0,0.134375,0.6666666666666666,1.0,1.0,0.75,0.75,1.0,0.4840036563071298,0.6666666666666666,0.0,0.5255332902391726,1.0,1.0,0.7268636795910131,0.0,0.5,0.0,0.375,0.3333333333333333,0.6666666666666666,0.3636363636363637,1.0,0.3333333333333333,0.5,0.04672897196261682,1.0,0.75,0.5625,1.0,0.3491847826086956,0.08226691042047532,0.0,0.0,0.0,0.5454545454545454,0.25,0.6666666666666666,0.75,0.0,0.0,285000
0.17647058823529413,0.75,0.3844816966931084,0.5610205565768016,0.3333333333333333,0.5,0.05263157894736842,0.0,1.0,0.5,0.16666666666666666,0.2222222222222222,0.375,0.5,0.2,0.2,0.25,0.0,0.3333333333333333,1.0,1.0,0.5,0.25,0.8333333333333333,0.0,0.6666666666666666,0.0,0.2171945701357466,0.5,1.0,0.20218385198639852,0.28602860286028603,0.0,0.0,0.375,0.3333333333333333,0.3333333333333333,0.2727272727272727,1.0,0.0,0.75,0.07476635514018691,0.3333333333333333,0.75,0.75,1.0,0.2934782608695652,0.0,0.4145077720207254,0.0,0.0,0.0,0.0,0.6666666666666666,0.5,0.0,0.0,105000
0.588235294117647,0.75,0.3156709532065991,-0.00515586257606504,0.3333333333333333,0.5,0.42105263157894735,0.6000000000000001,1.0,0.75,0.8333333333333333,0.7777777777777777,0.5,1.0,0.9,0.9,0.25,0.0,0.6666666666666666,1.0,1.0,0.75,0.75,1.0,0.5274223034734917,0.6666666666666666,0.0,0.49127343244990296,1.0,1.0,0.6894906520706958,0.0,0.5,0.0,0.125,0.3333333333333333,1.0,0.3636363636363637,1.0,0.3333333333333333,0.75,0.0,1.0,0.75,0.5192307692307692,1.0,0.4239130434782609,0.0,0.0,0.0,0.0,0.8181818181818182,0.0,1.0,1.0,0.0,0.0,264561
0.0,0.75,0.5082571568285814,0.6426492308451381,0.3333333333333333,0.5,0.8421052631578947,0.8,1.0,0.5,0.8333333333333333,0.7777777777777777,0.5,0.5,0.9,0.9,0.5,0.033125,0.6666666666666666,1.0,1.0,0.75,0.25,1.0,0.010968921389396707,0.6666666666666666,0.0,0.5087265675500969,1.0,1.0,0.692157515924364,0.0,0.0,0.0,0.375,0.3333333333333333,0.6666666666666666,0.3636363636363637,1.0,0.3333333333333333,0.75,0.018691588785046728,0.6666666666666666,0.75,0.6602564102564102,1.0,0.19565217391304346,0.19012797074954296,0.0,0.0,0.0,0.5454545454545454,0.5,0.6666666666666666,0.75,0.0,0.0,232000
0.0,0.75,0.5440560186071031,0.537346891781044,0.3333333333333333,0.5,0.5263157894736842,0.6000000000000001,1.0,0.5,0.8333333333333333,0.4444444444444445,0.625,0.5,0.5,0.6000000000000001,0.25,0.0,0.3333333333333333,1.0,0.5,0.75,0.25,0.5,0.4954296160877514,0.6666666666666666,0.0,0.3800904977375565,0.75,1.0,0.5187605467366551,0.0,0.0,0.5,0.375,0.3333333333333333,0.6666666666666666,0.18181818181818188,1.0,0.3333333333333333,0.25,0.3271028037383177,0.3333333333333333,0.5,0.3517628205128205,1.0,0.3043478260869565,0.0,0.0,0.0,0.0,0.9090909090909092,0.5,0.6666666666666666,0.75,0.0,0.0,157000
0.0,0.75,0.4115451049098808,0.3678549648856864,0.3333333333333333,0.5,0.4736842105263158,0.6000000000000001,1.0,0.5,0.8333333333333333,0.6666666666666665,0.5,0.5,0.9,0.9,0.5,0.075,0.3333333333333333,1.0,1.0,0.75,0.25,1.0,0.31078610603290674,0.6666666666666666,0.0,0.3490627020038785,1.0,1.0,0.4667914615248372,0.0,0.5,0.0,0.375,0.3333333333333333,0.6666666666666666,0.2727272727272727,1.0,0.0,0.75,0.13831775700934534,0.0,0.0,0.0,1.0,0.0,0.0,0.0,0.0,0.0,0.2727272727272727,0.5,0.6666666666666666,0.75,0.0,1.0,141000
0.17647058823529413,0.25,0.2833497820494679,0.2289758467666632,0.3333333333333333,0.5,0.05263157894736842,0.6000000000000001,1.0,0.5,0.16666666666666666,0.2222222222222222,0.625,0.5,0.9,0.9,0.25,0.0,0.3333333333333333,1.0,0.25,0.5,0.25,0.8333333333333333,0.0,0.6666666666666666,0.0,0.19392372333548805,0.25,1.0,0.11510167523798387,0.2024202420242024,0.0,0.0,0.25,0.3333333333333333,0.3333333333333333,0.2727272727272727,1.0,0.0,0.5,0.14766355140186874,0.0,0.0,0.0,1.0,0.0,0.0,0.0,0.0,0.0,0.3636363636363637,0.75,0.6666666666666666,0.0,0.0,1.0,37900
0.2941176470588235,0.25,0.2833497820494679,0.15771492032798307,0.3333333333333333,0.5,0.05263157894736842,0.6000000000000001,1.0,0.5,1.0,0.7777777777777777,0.5,0.5,0.4,0.30000000000000004,0.25,0.0,0.3333333333333333,0.3333333333333333,0.25,0.5,0.25,0.3333333333333333,0.1183729433272395,0.6666666666666666,0.0,0.2210730446024564,0.25,1.0,0.3824471987330251,0.6683168316831682,0.0,0.0,0.5,0.3333333333333333,0.3333333333333333,0.4545454545454546,1.0,0.0,0.75,0.13831775700934534,0.0,0.0,0.0,1.0,0.0,0.0987202925045704,0.051813471502590684,0.0,0.0,1.0,0.5,0.6666666666666666,0.75,0.0,1.0,122000
0.0,0.75,0.4373492848057643,0.722606990856292,0.3333333333333333,0.5,0.4736842105263158,0.4,1.0,0.5,0.8333333333333333,0.4444444444444445,0.5,0.5,0.9,0.9,0.25,0.0,0.3333333333333333,1.0,1.0,0.5,0.25,1.0,0.2952468007312614,0.6666666666666666,0.0,0.36005171299288946,1.0,1.0,0.48533732614785,0.0,0.5,0.5,0.375,0.3333333333333333,0.6666666666666666,0.2727272727272727,1.0,0.0,0.75,0.037383177570093455,0.3333333333333333,0.5,0.4615384615384615,1.0,0.0,0.18647166361974407,0.0,0.0,0.0,0.4545454545454545,0.5,0.6666666666666666,0.75,0.0,0.0,159000
0.4117647058823529,0.75,0.3844819395240602,0.9120832472880886,0.3333333333333333,0.5,0.21052631578947367,0.2,0.0,0.25,0.16666666666666666,0.4444444444444445,0.5,0.0,0.7000000000000001,0.5,0.25,0.000625,0.3333333333333333,1.0,0.5,0.75,0.25,1.0,0.2276051188299817,0.3333333333333333,0.14314789687924015,0.4398836457659987,1.0,1.0,0.6051602294699623,0.6925192519251925,0.0,1.0,0.5,0.6666666666666666,0.3333333333333333,0.8181818181818181,1.0,0.3333333333333333,0.5,0.2803738317757009,0.6666666666666666,0.5,0.4807692307692307,0.0,0.2105978260869565,0.043875685557586835,0.3756476683937824,0.0,0.0,0.6363636363636364,0.25,0.6666666666666666,0.75,0.0,0.0,190000
0.058823529411764684,0.25,0.15957432191399445,0.10491866048418252,0.3333333333333333,0.5,0.0,0.6000000000000001,1.0,0.5,0.8333333333333333,0.3333333333333333,0.75,0.5,0.4,0.30000000000000004,0.25,0.0,0.3333333333333333,1.0,0.5,0.5,0.25,0.3333333333333333,0.09003656307129801,0.6666666666666666,0.0,0.3865546218487395,1.0,0.6666666666666666,0.5278339483737802,0.0,0.5,0.0,0.25,0.3333333333333333,0.3333333333333333,0.18181818181818188,1.0,0.0,0.75,0.4672897196261682,0.3333333333333333,0.5,0.3525641025641025,1.0,0.0,0.0,0.0,0.0,0.0,0.5454545454545454,0.25,0.6666666666666666,0.75,0.0,0.0,109900
0.0,0.75,0.3844816966931084,0.43672455766245655,1.0,1.0,0.6842105263157894,0.6000000000000001,1.0,0.5,0.8333333333333333,0.4444444444444445,0.5,0.5,0.5,0.6000000000000001,0.5,0.085,0.3333333333333333,1.0,0.5,0.75,0.25,0.16666666666666666,0.28153564899451555,0.6666666666666666,0.0,0.3361344537815126,0.5,1.0,0.44421033018036615,0.0,0.0,0.0,0.375,0.3333333333333333,0.3333333333333333,0.18181818181818188,1.0,0.0,0.75,0.14766355140186874,0.0,0.0,0.0,1.0,0.0,0.0,0.0,0.0,0.0,0.6363636363636364,0.75,0.6666666666666666,0.75,0.0,1.0,124000
0.2352941176470588,0.75,0.3751589589715414,0.6346622935965955,0.3333333333333333,0.5,0.5789473684210527,0.6000000000000001,1.0,0.5,1.0,0.6666666666666665,0.5,0.5,0.9,0.9,0.25,0.0,0.6666666666666666,1.0,1.0,0.75,0.75,0.8333333333333333,0.0,0.6666666666666666,0.0,0.2737556561085973,1.0,1.0,0.3213881740943374,0.6116611661166116,0.0,0.5,0.5,0.3333333333333333,0.6666666666666666,0.4545454545454546,1.0,0.3333333333333333,0.75,0.02803738317757009,1.0,0.5,0.34775641025641024,1.0,0.1358695652173913,0.08775137111517367,0.0,0.0,0.0,0.5454545454545454,0.25,0.6666666666666666,0.75,0.0,0.0,215000
0.588235294117647,0.75,0.3156709532065991,0.004092448263119053,0.3333333333333333,0.5,0.42105263157894735,0.6000000000000001,1.0,0.75,0.8333333333333333,0.6666666666666665,0.5,1.0,0.9,0.9,0.5,0.028125,0.6666666666666666,1.0,1.0,0.75,0.75,1.0,0.4890310786106033,0.6666666666666666,0.0,0.43826761473820297,1.0,1.0,0.6633449595988297,0.0,0.5,0.0,0.25,0.3333333333333333,0.6666666666666666,0.2727272727272727,1.0,0.3333333333333333,0.75,0.0,1.0,0.75,0.5192307692307692,1.0,0.21875,0.03656307129798903,0.0,0.0,0.0,0.8181818181818182,0.0,1.0,1.0,0.0,0.0,246578
0.3529411764705882,0.75,0.3844819395240602,0.6606518546007543,0.3333333333333333,0.5,0.3684210526315789,0.6000000000000001,1.0,0.5,0.5,0.5555555555555556,0.5,0.5,0.5,0.6000000000000001,0.5,0.209375,0.3333333333333333,1.0,0.5,0.5,0.75,1.0,0.2463436928702011,0.6666666666666666,0.0,0.3270846800258565,0.5,1.0,0.4407484364490464,0.0,0.5,0.0,0.375,0.3333333333333333,0.3333333333333333,0.2727272727272727,1.0,0.0,0.75,0.3177570093457944,0.3333333333333333,0.75,0.7115384615384616,1.0,0.0,0.0,0.0,0.0,0.0,0.3636363636363637,1.0,0.6666666666666666,0.75,0.0,0.0,169900
0.2352941176470588,0.75,0.5440560186071031,0.6239774179707043,0.3333333333333333,0.5,0.5263157894736842,0.6000000000000001,1.0,0.5,0.5,0.6666666666666665,0.625,1.0,0.5,0.6000000000000001,0.5,0.06,0.3333333333333333,1.0,0.5,0.5,0.25,1.0,0.14396709323583182,0.3333333333333333,0.07462686567164177,0.17420814479638008,0.5,1.0,0.44421033018036615,0.3767876787678768,0.0,0.5,0.375,0.3333333333333333,0.3333333333333333,0.2727272727272727,1.0,0.3333333333333333,0.5,0.2616822429906542,0.6666666666666666,0.5,0.4407051282051282,1.0,0.0,0.16087751371115175,0.5595854922279793,0.0,0.0,0.9090909090909092,0.25,0.6666666666666666,0.75,0.0,0.0,197000
1.0,0.25,0.052867588112656135,0.06110582247054985,0.3333333333333333,0.5,0.05263157894736842,0.6000000000000001,1.0,0.0,1.0,0.3333333333333333,0.5,0.5,0.4,0.30000000000000004,0.25,0.0,0.3333333333333333,1.0,0.25,0.5,0.25,0.8333333333333333,0.0,0.6666666666666666,0.0,0.237879767291532,0.75,1.0,0.2373405599242533,0.3938393839383938,0.0,0.0,0.25,1.0,0.3333333333333333,0.4545454545454546,1.0,0.0,0.25,0.14766355140186874,0.0,0.0,0.0,0.0,0.0,0.0,0.26424870466321243,0.0,0.0,0.4545454545454545,0.75,1.0,1.0,0.0,1.0,113000
0.0,0.25,0.2721435456178931,0.21844134349288336,0.3333333333333333,0.5,0.05263157894736842,0.6000000000000001,1.0,0.5,0.8333333333333333,0.2222222222222222,0.875,0.5,0.9,0.9,0.25,0.0,0.3333333333333333,0.3333333333333333,0.5,0.5,0.25,0.6666666666666666,0.1170018281535649,0.6666666666666666,0.0,0.3755656108597285,1.0,1.0,0.5110928344005203,0.0,0.5,0.0,0.375,0.3333333333333333,0.3333333333333333,0.2727272727272727,1.0,0.0,0.5,0.4766355140186915,0.3333333333333333,0.25,0.17628205128205127,1.0,0.19293478260869565,0.17915904936014626,0.0,0.0,0.0,0.5454545454545454,0.0,0.6666666666666666,0.75,0.0,0.0,126175
0.0,0.75,0.3844819395240602,0.6196895998890506,0.3333333333333333,0.5,0.10526315789473684,0.6000000000000001,1.0,0.5,0.8333333333333333,0.3333333333333333,0.25,0.5,0.2,0.2,0.25,0.0,0.3333333333333333,0.3333333333333333,0.0,0.0,0.0,0.0,0.0,0.0,0.0,0.0,1.0,1.0,0.3199736841588723,0.0,0.0,0.0,0.375,0.3333333333333333,0.3333333333333333,0.18181818181818188,1.0,0.0,1.0,0.4859813084112149,0.3333333333333333,0.25,0.23237179487179485,0.0,0.25271739130434784,0.0,0.0,0.0,0.0,0.0,0.75,0.6666666666666666,0.75,1.0,0.0,84000
0.17647058823529413,0.75,0.3844816966931084,0.43462414894188495,0.0,0.5,0.3157894736842105,0.6000000000000001,1.0,0.5,0.16666666666666666,0.5555555555555556,0.5,0.5,0.4,0.30000000000000004,0.25,0.0,0.3333333333333333,1.0,1.0,0.5,0.25,0.16666666666666666,0.19332723948811698,0.6666666666666666,0.0,0.38170652876535227,0.25,1.0,0.6177754113925,0.1672167216721672,0.0,0.0,0.5,0.3333333333333333,0.3333333333333333,0.3636363636363637,1.0,0.3333333333333333,0.75,0.7757009345794392,0.3333333333333333,0.5,0.4615384615384615,1.0,0.4646739130434783,0.0,0.3316062176165803,0.0,0.0,0.4545454545454545,0.5,0.6666666666666666,0.75,0.0,0.0,136500
0.2352941176470588,0.75,0.3844819395240602,0.7228220534694172,0.3333333333333333,0.5,0.2631578947368421,0.6000000000000001,1.0,0.5,1.0,0.6666666666666665,0.625,0.5,0.9,0.9,1.0,0.18,0.3333333333333333,1.0,0.5,0.5,1.0,0.6666666666666666,0.20749542961608772,0.6666666666666666,0.0,0.2792501616031028,0.5,1.0,0.3590313380759764,0.504950495049505,0.0,1.0,0.5,0.3333333333333333,0.6666666666666666,0.4545454545454546,1.0,0.6666666666666666,0.75,0.4018691588785047,0.3333333333333333,0.5,0.3942307692307692,1.0,0.08152173913043477,0.15356489945155394,0.0,0.56875,0.0,0.3636363636363637,0.5,0.6666666666666666,0.75,0.0,0.0,201800
0.058823529411764684,0.75,0.3844819395240602,0.3635976390954703,0.3333333333333333,0.5,0.15789473684210525,0.2,1.0,0.5,0.8333333333333333,0.3333333333333333,0.5,0.5,0.30000000000000004,0.1,0.25,0.0,0.3333333333333333,1.0,0.5,0.5,0.25,0.16666666666666666,0.12157221206581352,0.6666666666666666,0.0,0.2546864899806076,0.5,0.6666666666666666,0.2781872643669172,0.0,0.0,0.0,0.25,0.3333333333333333,0.3333333333333333,0.09090909090909094,1.0,0.6666666666666666,0.5,0.11962616822429865,0.0,0.0,0.0,1.0,0.0,0.0,0.0,0.0,0.0,0.2727272727272727,0.0,0.6666666666666666,0.0,0.0,1.0,100000
0.0,0.75,0.6275772529534855,0.7881303406700608,1.0,0.5,0.7894736842105263,0.6000000000000001,1.0,0.5,0.8333333333333333,0.7777777777777777,0.5,0.5,0.9,0.9,1.0,0.0625,0.6666666666666666,1.0,1.0,1.0,1.0,1.0,0.03656307129798903,0.6666666666666666,0.0,0.5597931480284422,1.0,1.0,0.7644018459477384,0.0,0.5,0.0,0.375,0.3333333333333333,0.6666666666666666,0.3636363636363637,1.0,0.3333333333333333,0.75,0.009345794392523364,1.0,0.75,0.5705128205128205,1.0,0.0,0.0,0.0,0.0,0.0,0.3636363636363637,0.25,1.0,1.0,0.0,0.0,283463
0.4117647058823529,0.75,0.3844819395240602,0.4446385094013561,0.3333333333333333,0.5,0.2631578947368421,0.6000000000000001,1.0,0.25,0.8333333333333333,0.2222222222222222,0.375,0.5,0.6000000000000001,0.4,0.5,0.2125,0.3333333333333333,1.0,0.0,0.0,0.0,0.0,0.0,0.0,0.0,0.0,0.25,0.6666666666666666,0.44421033018036615,0.0,0.0,0.0,0.25,0.6666666666666666,0.3333333333333333,0.2727272727272727,1.0,0.0,0.25,0.5327102803738317,0.3333333333333333,0.5,0.3205128205128205,1.0,0.0,0.0,0.0,0.0,0.0,0.3636363636363637,0.0,0.6666666666666666,0.75,1.0,0.0,87500
0.2352941176470588,0.75,0.3751589589715414,0.4780153032550914,0.3333333333333333,0.5,0.5789473684210527,0.6000000000000001,1.0,0.5,1.0,0.5555555555555556,0.5,0.5,0.9,0.9,0.25,0.0,0.3333333333333333,1.0,1.0,0.75,1.0,1.0,0.3784277879341865,0.6666666666666666,0.0,0.3047834518422753,0.75,1.0,0.38562811512469386,0.3822882288228823,0.5,0.5,0.375,0.3333333333333333,0.3333333333333333,0.3636363636363637,1.0,0.6666666666666666,0.5,0.09345794392523364,1.0,0.5,0.3782051282051282,1.0,0.1358695652173913,0.06946983546617916,0.0,0.0,0.0,0.5454545454545454,0.5,0.6666666666666666,0.75,0.0,0.0,192000
0.2352941176470588,0.75,0.4778555850536959,0.6549371324812663,0.3333333333333333,0.5,0.3684210526315789,0.6000000000000001,1.0,0.5,1.0,0.5555555555555556,0.5,0.5,0.9,0.9,0.25,0.0,0.3333333333333333,1.0,1.0,1.0,0.25,0.6666666666666666,0.3153564899451554,0.6666666666666666,0.0,0.25985778926955394,1.0,1.0,0.29021438216606704,0.6364136413641364,0.5,0.5,0.375,0.3333333333333333,0.6666666666666666,0.3636363636363637,1.0,0.3333333333333333,0.5,0.07476635514018691,1.0,0.5,0.4487179487179487,1.0,0.16983695652173916,0.3510054844606947,0.0,0.0,0.0,0.4545454545454545,0.75,0.6666666666666666,0.75,0.0,0.0,215000
0.0,0.75,0.4202805584716301,0.5646878570398854,0.3333333333333333,0.5,0.6842105263157894,0.6000000000000001,1.0,0.5,0.8333333333333333,0.7777777777777777,0.5,0.5,0.9,0.9,1.0,0.045,0.6666666666666666,1.0,1.0,0.75,0.75,0.8333333333333333,0.0,0.6666666666666666,0.0,0.5475113122171945,1.0,1.0,0.7361182085653568,0.0,0.0,0.0,0.375,0.3333333333333333,0.6666666666666666,0.3636363636363637,1.0,0.0,0.5,0.018691588785046728,0.6666666666666666,0.75,0.6217948717948718,1.0,0.21739130434782608,0.0603290676416819,0.0,0.0,0.0,0.09090909090909093,1.0,0.6666666666666666,0.75,0.0,0.0,245350
0.0,0.75,0.39365033250032666,0.4620320684620758,0.3333333333333333,0.5,0.6842105263157894,0.6000000000000001,1.0,0.5,0.8333333333333333,0.4444444444444445,0.75,0.5,0.5,0.6000000000000001,0.25,0.0,0.3333333333333333,1.0,0.5,0.75,0.5,0.3333333333333333,0.2431444241316271,0.3333333333333333,0.09769335142469472,0.3361344537815126,0.5,1.0,0.44421033018036615,0.0,0.0,0.0,0.375,0.3333333333333333,0.6666666666666666,0.18181818181818188,1.0,0.0,0.75,0.29906542056074764,0.3333333333333333,0.5,0.3878205128205128,1.0,0.0,0.0,0.0,0.6,0.0,0.7272727272727273,0.75,0.6666666666666666,0.75,0.0,0.0,150500
0.0,0.75,0.5440560186071031,0.5604543248925529,0.3333333333333333,0.5,0.5263157894736842,0.6000000000000001,1.0,0.5,0.8333333333333333,0.6666666666666665,0.5,0.5,0.5,0.6000000000000001,0.5,0.118125,0.3333333333333333,1.0,0.5,0.75,0.25,0.8333333333333333,0.0,0.6666666666666666,0.0,0.3522947640594699,0.5,1.0,0.6091038253473449,0.0,0.0,0.0,0.375,0.3333333333333333,0.3333333333333333,0.2727272727272727,1.0,0.3333333333333333,0.5,0.308411214953271,0.6666666666666666,0.5,0.3838141025641025,1.0,0.0,0.0,0.0,0.0,0.0,0.4545454545454545,0.75,0.6666666666666666,0.5,0.0,0.0,152000
0.17647058823529413,0.75,0.4699875121802351,0.6332120737376616,0.3333333333333333,0.5,0.10526315789473684,0.6000000000000001,1.0,0.5,1.0,0.3333333333333333,0.75,0.5,0.4,0.6000000000000001,0.25,0.0,0.3333333333333333,1.0,0.5,0.25,0.25,0.8333333333333333,0.0,0.6666666666666666,0.0,0.18099547511312214,0.75,1.0,0.2842310426641812,0.3025302530253025,0.0,0.5,0.25,0.3333333333333333,0.3333333333333333,0.2727272727272727,0.6666666666666666,0.0,0.75,0.5327102803738317,0.3333333333333333,0.25,0.3076923076923077,1.0,0.22826086956521735,0.043875685557586835,0.0,0.0,0.0,0.3636363636363637,0.25,0.6666666666666666,0.75,0.0,0.0,112000
0.2352941176470588,0.75,0.705361043445069,0.5482046753576437,0.3333333333333333,0.5,0.9473684210526316,0.6000000000000001,1.0,0.5,1.0,0.6666666666666665,0.5,0.5,0.5,0.6000000000000001,0.25,0.0,0.6666666666666666,1.0,1.0,0.75,0.25,1.0,0.3080438756855576,0.6666666666666666,0.0,0.24240465416936005,1.0,1.0,0.4561716121428385,0.4741474147414742,0.5,0.5,0.375,0.3333333333333333,0.6666666666666666,0.4545454545454546,1.0,0.3333333333333333,0.5,0.16822429906542055,0.6666666666666666,0.5,0.4519230769230769,1.0,0.32608695652173914,0.0712979890310786,0.0,0.0,0.0,0.4545454545454545,1.0,0.6666666666666666,0.75,0.0,0.0,190000
0.0,0.75,0.4699875121802351,0.4430503721949419,0.3333333333333333,0.5,0.21052631578947367,0.2,1.0,0.5,0.8333333333333333,0.4444444444444445,0.5,0.5,0.5,0.6000000000000001,0.25,0.0,0.3333333333333333,1.0,0.5,0.5,0.25,0.6666666666666666,0.38482632541133455,0.6666666666666666,0.0,0.29476405946994183,0.5,1.0,0.3656281961261248,0.0,0.0,0.0,0.375,0.3333333333333333,0.3333333333333333,0.18181818181818188,1.0,0.3333333333333333,0.25,0.3364485981308411,0.3333333333333333,0.25,0.2692307692307692,1.0,0.0,0.0,0.0,0.0,0.0,0.3636363636363637,1.0,0.6666666666666666,0.75,0.0,0.0,125000
0.0,0.75,0.7206990668552329,0.7753282675625925,0.3333333333333333,0.5,1.0,0.6000000000000001,1.0,0.5,0.8333333333333333,0.7777777777777777,0.5,0.5,0.9,0.9,0.5,0.19,0.6666666666666666,1.0,1.0,1.0,1.0,1.0,0.6170018281535649,0.6666666666666666,0.0,0.6386554621848739,1.0,1.0,0.8282501009583325,0.0,0.5,0.0,0.25,0.3333333333333333,0.6666666666666666,0.3636363636363637,1.0,0.3333333333333333,1.0,0.009345794392523364,0.6666666666666666,0.75,0.7275641025641025,1.0,0.3396739130434783,0.11517367458866545,0.0,0.0,0.0,0.5454545454545454,0.25,1.0,1.0,0.0,0.0,440000
0.0,0.75,0.3844816966931084,0.34380411440347736,0.3333333333333333,0.5,0.2631578947368421,0.6000000000000001,1.0,0.5,0.8333333333333333,0.3333333333333333,0.5,0.5,0.8,0.2,0.25,0.0,0.3333333333333333,1.0,0.0,0.0,0.0,0.0,0.0,0.0,0.0,0.0,0.5,0.6666666666666666,0.44421033018036615,0.0,0.0,0.0,0.25,0.3333333333333333,0.3333333333333333,0.09090909090909094,1.0,0.0,0.5,0.5233644859813084,0.3333333333333333,0.5,0.3365384615384615,1.0,0.0,0.053016453382084085,0.0,0.0,0.0,0.5454545454545454,0.0,0.6666666666666666,0.75,1.0,0.0,109900
0.0,0.75,0.5711194268238755,0.4524475643733501,0.3333333333333333,0.5,0.2631578947368421,0.6000000000000001,1.0,0.5,0.8333333333333333,0.5555555555555556,0.5,0.5,0.2,0.2,0.5,0.063125,0.3333333333333333,1.0,0.5,0.5,0.25,0.16666666666666666,0.2938756855575869,0.6666666666666666,0.0,0.3516483516483516,1.0,1.0,0.588668927315164,0.0,0.0,0.0,0.375,0.3333333333333333,0.3333333333333333,0.2727272727272727,1.0,0.3333333333333333,0.5,0.3831775700934579,0.6666666666666666,0.5,0.3525641025641025,1.0,0.0,0.2522851919561243,0.0,0.0,0.0,1.0,0.0,0.6666666666666666,0.0,0.0,0.0,160000
0.4117647058823529,0.75,0.3844816966931084,0.5826895683227731,0.3333333333333333,0.5,0.10526315789473684,0.6000000000000001,1.0,0.25,0.8333333333333333,0.4444444444444445,0.5,0.5,0.7000000000000001,0.5,0.25,0.0,0.3333333333333333,1.0,0.5,0.75,1.0,1.0,0.5484460694698354,0.6666666666666666,0.0,0.3878474466709761,0.5,1.0,0.5298317097090037,0.0,1.5,0.0,0.375,0.3333333333333333,0.3333333333333333,0.18181818181818188,1.0,0.0,0.5,0.14766355140186874,0.0,0.0,0.0,1.0,0.16304347826086954,0.0,0.0,0.0,0.0,0.1818181818181818,0.75,0.6666666666666666,0.25,0.0,1.0,179000
0.32352941176470584,0.25,0.3844816966931084,0.5826895683227731,0.3333333333333333,0.5,0.05263157894736842,0.6000000000000001,1.0,0.5,0.6666666666666666,0.6666666666666665,0.75,0.5,0.2,0.2,0.25,0.0,0.3333333333333333,1.0,0.25,0.75,0.5,0.16666666666666666,0.17824497257769653,0.6666666666666666,0.0,0.2844214608920491,0.25,1.0,0.34425703276536224,0.4884488448844884,0.0,0.5,0.25,0.3333333333333333,0.3333333333333333,0.2727272727272727,1.0,0.6666666666666666,0.5,0.8598130841121495,0.3333333333333333,0.5,0.2564102564102564,0.0,0.0,0.623400365630713,0.0,0.0,0.0,0.8181818181818182,0.0,0.6666666666666666,0.75,0.0,0.0,163000
0.0,0.75,0.3844816966931084,0.2925401415667181,0.3333333333333333,0.5,0.3684210526315789,0.6000000000000001,1.0,0.5,0.8333333333333333,0.4444444444444445,0.875,0.5,0.5,0.6000000000000001,0.25,0.0,0.3333333333333333,0.3333333333333333,1.0,0.5,0.25,1.0,0.37294332723948814,0.6666666666666666,0.0,0.2637362637362637,1.0,1.0,0.29907867709603897,0.0,0.5,0.0,0.25,0.3333333333333333,0.3333333333333333,0.09090909090909094,1.0,0.0,0.5,0.21495327102803735,1.0,0.5,0.6538461538461539,1.0,0.0,0.0,0.0,0.0,0.0,0.4545454545454545,0.5,0.6666666666666666,0.75,0.0,0.0,138000
0.2352941176470588,0.75,0.6451879332507441,0.6097700835432827,0.3333333333333333,0.5,1.0,0.6000000000000001,1.0,0.5,1.0,0.8888888888888888,0.5,0.5,0.9,0.9,1.0,0.09625,1.0,1.0,1.0,1.0,0.75,1.0,0.4277879341864717,0.6666666666666666,0.0,0.35681965093729795,1.0,1.0,0.4938697910856953,0.5797579757975797,0.5,0.5,0.375,0.3333333333333333,1.0,0.6363636363636365,1.0,0.3333333333333333,0.75,0.009345794392523364,1.0,0.75,0.6698717948717948,1.0,0.0,0.18647166361974407,0.0,0.0,0.0,0.5454545454545454,0.75,0.6666666666666666,0.75,0.0,0.0,335000
0.3529411764705882,0.75,0.5440560186071031,0.5132960412988351,0.3333333333333333,0.5,0.42105263157894735,0.2,1.0,0.5,0.5,0.5555555555555556,0.75,1.0,0.7000000000000001,0.5,0.5,0.225,0.6666666666666666,0.3333333333333333,0.5,0.5,0.25,0.8333333333333333,0.0,0.6666666666666666,0.0,0.17065287653522948,1.0,1.0,0.4744977368632237,0.41859185918591857,0.0,0.5,0.375,0.3333333333333333,0.3333333333333333,0.3636363636363637,1.0,0.3333333333333333,0.5,0.2897196261682243,0.6666666666666666,0.5,0.41025641025641024,1.0,0.15353260869565216,0.18281535648994515,0.0,0.0,0.0,0.6363636363636364,0.25,0.6666666666666666,0.75,0.0,0.0,187000
0.0,0.75,0.6215805476603935,0.641416102130683,0.3333333333333333,0.5,0.8421052631578947,0.2,1.0,0.5,0.8333333333333333,0.7777777777777777,0.5,0.5,0.9,0.9,1.0,0.11625,0.6666666666666666,1.0,1.0,0.75,0.25,0.8333333333333333,0.0,0.6666666666666666,0.0,0.5106658047834518,1.0,1.0,0.6944339763649814,0.0,0.0,0.0,0.375,0.3333333333333333,0.6666666666666666,0.3636363636363637,1.0,0.0,0.5,0.0,0.6666666666666666,0.75,0.6650641025641025,1.0,0.0,0.043875685557586835,0.0,0.0,0.0,0.4545454545454545,0.5,0.3333333333333333,1.0,0.0,0.0,235128
0.0,0.75,0.5440560186071031,0.5132960412988351,0.3333333333333333,0.5,0.42105263157894735,0.2,1.0,0.5,0.8333333333333333,0.5555555555555556,0.875,0.5,0.4,0.30000000000000004,0.25,0.0,0.3333333333333333,1.0,0.5,0.75,1.0,0.6666666666666666,0.4469835466179159,0.6666666666666666,0.0,0.4078862314156432,1.0,1.0,0.5599732536500279,0.0,0.0,0.0,0.375,0.3333333333333333,0.3333333333333333,0.2727272727272727,1.0,0.3333333333333333,0.5,0.2897196261682243,0.6666666666666666,0.5,0.3685897435897436,1.0,0.4048913043478261,0.0,0.0,0.0,0.0,0.3636363636363637,0.25,0.6666666666666666,0.75,0.0,0.0,181500
0.3529411764705882,0.75,0.4288805731761245,0.4335711298552853,0.3333333333333333,0.5,0.6842105263157894,0.6000000000000001,1.0,0.5,0.5,0.4444444444444445,0.875,0.5,0.5,0.6000000000000001,0.5,0.1375,0.6666666666666666,1.0,0.5,0.75,0.75,1.0,0.2719378427787934,0.6666666666666666,0.0,0.3183581124757595,0.5,1.0,0.4117005142567432,0.0,0.0,0.0,0.375,0.3333333333333333,0.3333333333333333,0.2727272727272727,1.0,0.0,0.75,0.2897196261682243,0.3333333333333333,0.25,0.26282051282051283,1.0,0.2853260869565217,0.0,0.0,0.0,0.0,0.9090909090909092,0.5,0.6666666666666666,0.75,0.0,0.0,149900
0.38235294117647056,0.75,0.4539084200731607,0.39382571516133336,0.3333333333333333,0.5,0.2631578947368421,0.6000000000000001,1.0,0.5,0.3333333333333333,0.4444444444444445,0.5,0.5,0.5,0.6000000000000001,0.25,0.0,0.3333333333333333,1.0,0.5,0.5,0.75,0.6666666666666666,0.35146252285191953,0.6666666666666666,0.0,0.2792501616031028,0.5,1.0,0.3577031933263233,0.0,0.5,0.0,0.375,0.3333333333333333,0.3333333333333333,0.2727272727272727,1.0,0.3333333333333333,0.0,0.3644859813084112,0.6666666666666666,0.25,0.23076923076923075,1.0,0.2377717391304348,0.263254113345521,0.0,0.0,0.0,1.0,0.0,0.6666666666666666,0.75,0.0,0.0,123000
0.17647058823529413,0.25,0.3844816966931084,0.236386812684934,0.3333333333333333,0.5,0.15789473684210525,0.6000000000000001,1.0,0.5,0.16666666666666666,0.5555555555555556,0.625,0.5,0.2,0.2,0.25,0.0,0.3333333333333333,0.3333333333333333,0.25,0.5,0.25,0.6666666666666666,0.17138939670932354,0.6666666666666666,0.0,0.23755656108597284,1.0,1.0,0.3367307830386585,0.191969196919692,0.0,0.0,0.375,0.3333333333333333,0.3333333333333333,0.2727272727272727,1.0,0.3333333333333333,0.75,0.037383177570093455,0.3333333333333333,0.5,0.3525641025641025,1.0,0.0,0.0,0.0,0.0,0.0,0.1818181818181818,0.25,0.6666666666666666,0.75,0.0,0.0,131000
0.2352941176470588,1.0,0.4856136113367493,0.4512214161220207,0.3333333333333333,0.5,0.8421052631578947,0.6000000000000001,1.0,0.5,1.0,0.6666666666666665,0.5,0.5,0.9,0.9,0.25,0.0,0.3333333333333333,1.0,1.0,0.75,0.25,1.0,0.3756855575868373,0.6666666666666666,0.0,0.29088558500323203,1.0,1.0,0.3786076414028608,0.506050605060506,0.5,0.5,0.375,0.3333333333333333,0.6666666666666666,0.3636363636363637,1.0,0.3333333333333333,0.5,0.0,0.6666666666666666,0.5,0.516025641025641,1.0,0.22826086956521735,0.1974405850091408,0.0,0.0,0.0,0.5454545454545454,0.75,1.0,1.0,0.0,0.0,252678
0.0,0.75,0.5440560186071031,0.6247906189584862,0.3333333333333333,0.5,0.2631578947368421,0.6000000000000001,1.0,0.5,0.8333333333333333,0.5555555555555556,0.5,1.0,0.2,0.2,0.5,0.109375,0.3333333333333333,1.0,0.5,0.5,0.25,0.16666666666666666,0.25822669104204754,0.6666666666666666,0.0,0.4469941822882999,0.5,1.0,0.6147546312665111,0.0,0.0,0.5,0.375,0.3333333333333333,0.3333333333333333,0.3636363636363637,1.0,0.0,0.75,0.4299065420560748,0.6666666666666666,0.25,0.23397435897435895,1.0,0.0,0.08226691042047532,0.0,0.0,0.0,0.2727272727272727,0.0,0.6666666666666666,0.75,0.0,0.0,145250
0.0,0.75,0.44569064255190827,0.8246582333345369,0.3333333333333333,0.5,0.6842105263157894,0.6000000000000001,1.0,0.5,0.8333333333333333,0.6666666666666665,0.5,0.5,0.9,0.9,0.25,0.0,0.6666666666666666,1.0,1.0,0.75,0.25,0.8333333333333333,0.0,0.6666666666666666,0.0,0.4566903684550743,1.0,1.0,0.6347504212148887,0.0,0.0,0.0,0.375,0.3333333333333333,0.6666666666666666,0.2727272727272727,1.0,0.0,0.75,0.07476635514018691,0.6666666666666666,0.5,0.48477564102564097,1.0,0.0,0.0603290676416819,0.0,0.0,0.0,0.4545454545454545,0.75,0.6666666666666666,0.75,0.0,0.0,187100
0.058823529411764684,0.25,0.3844816966931084,0.34380411440347736,0.3333333333333333,0.5,0.05263157894736842,0.6000000000000001,1.0,0.5,0.8333333333333333,0.4444444444444445,0.75,0.5,0.4,0.30000000000000004,1.0,0.18375,0.3333333333333333,0.3333333333333333,0.5,0.5,0.25,0.5,0.2330895795246801,0.6666666666666666,0.0,0.2546864899806076,0.5,1.0,0.29021438216606704,0.0,0.5,0.0,0.25,0.3333333333333333,0.6666666666666666,0.09090909090909094,1.0,0.6666666666666666,0.75,0.6542056074766355,0.3333333333333333,0.25,0.1923076923076923,1.0,0.0,0.0,0.3989637305699482,0.0,0.0,0.09090909090909093,1.0,0.6666666666666666,0.0,0.0,0.0,119000
0.2352941176470588,0.75,0.4288805731761245,0.5511471840572213,0.3333333333333333,0.5,0.5789473684210527,0.8,1.0,0.5,1.0,0.5555555555555556,0.5,0.5,0.9,0.9,0.25,0.0,0.6666666666666666,1.0,1.0,0.75,0.25,0.8333333333333333,0.0,0.6666666666666666,0.0,0.2530704589528119,1.0,1.0,0.27437866484872897,0.3855885588558856,0.0,0.5,0.375,0.3333333333333333,0.6666666666666666,0.4545454545454546,1.0,0.3333333333333333,0.75,0.018691588785046728,1.0,0.5,0.3149038461538461,1.0,0.0,0.1316270566727605,0.0,0.0,0.0,0.5454545454545454,0.25,1.0,1.0,0.0,0.0,178900
0.32352941176470584,0.25,0.3844816966931084,0.34380411440347736,0.3333333333333333,0.5,0.0,0.6000000000000001,1.0,0.5,0.6666666666666666,0.4444444444444445,0.75,0.5,0.4,0.30000000000000004,0.25,0.0,0.3333333333333333,1.0,0.25,0.5,0.25,0.8333333333333333,0.0,0.6666666666666666,0.0,0.17129928894634774,0.5,1.0,0.09584810831579292,0.2915291529152915,0.0,0.0,0.375,0.3333333333333333,0.0,0.2727272727272727,1.0,0.0,0.75,0.6728971962616822,0.3333333333333333,0.25,0.23076923076923075,0.0,0.0,0.0,0.3730569948186528,0.0,0.0,0.1818181818181818,0.25,0.6666666666666666,0.75,0.0,0.0,101000
1.0,0.75,0.3844816966931084,0.5826895683227731,0.3333333333333333,0.5,0.05263157894736842,0.6000000000000001,1.0,0.0,0.16666666666666666,0.4444444444444445,0.375,0.5,0.2,0.2,0.25,0.0,0.3333333333333333,0.0,0.5,0.5,0.25,0.5,0.30347349177330896,0.6666666666666666,0.0,0.308338720103426,0.5,0.6666666666666666,0.7610233560901984,0.3564356435643564,0.0,0.0,0.375,0.6666666666666666,0.3333333333333333,0.6363636363636365,0.0,0.3333333333333333,0.75,0.3364485981308411,0.3333333333333333,0.5,0.4166666666666666,0.0,0.19293478260869565,0.0,0.0,0.0,0.0,0.3636363636363637,0.0,0.3333333333333333,0.75,0.0,0.0,160000
